INSERT INTO patients (id, full_name, cpf, email, phone, date_of_birth, zip_code, blood_type, height, created_at, updated_at) VALUES ('11eb4827-be43-4f94-bd5f-397e3de368f4', 'Ana Carolina', '89444154433', 'ana.carolina0@teste.eliahealth.com', '31070261161', '1999-03-16', '22210142', 'O+', 171, NOW(), NOW()) ON CONFLICT (cpf) DO NOTHING;
INSERT INTO patients (id, full_name, cpf, email, phone, date_of_birth, zip_code, blood_type, height, created_at, updated_at) VALUES ('0d28f8fa-07bf-4710-add8-98a199cae269', 'Beatriz Oliveira', '36673840894', 'beatriz.oliveira1@teste.eliahealth.com', '22173676170', '2001-06-05', '21710879', 'A-', 170, NOW(), NOW()) ON CONFLICT (cpf) DO NOTHING;
INSERT INTO patients (id, full_name, cpf, email, phone, date_of_birth, zip_code, blood_type, height, created_at, updated_at) VALUES ('d649af76-9cbc-46af-ae88-9c68566e8682', 'Camila Santos', '68135396406', 'camila.santos2@teste.eliahealth.com', '11346206088', '1995-06-07', '23500803', 'B-', 163, NOW(), NOW()) ON CONFLICT (cpf) DO NOTHING;
INSERT INTO patients (id, full_name, cpf, email, phone, date_of_birth, zip_code, blood_type, height, created_at, updated_at) VALUES ('67997df2-8f25-4ef4-be53-793f56e4f0aa', 'Daniela Ferreira', '82339191191', 'daniela.ferreira3@teste.eliahealth.com', '21047575572', '1995-10-01', '21510609', 'B-', 170, NOW(), NOW()) ON CONFLICT (cpf) DO NOTHING;
INSERT INTO patients (id, full_name, cpf, email, phone, date_of_birth, zip_code, blood_type, height, created_at, updated_at) VALUES ('8956d225-4d58-4c0c-8c3e-a023ffbc75b3', 'Eduarda Lima', '17541217435', 'eduarda.lima4@teste.eliahealth.com', '31928917473', '1998-08-13', '24020942', 'AB-', 169, NOW(), NOW()) ON CONFLICT (cpf) DO NOTHING;
INSERT INTO patients (id, full_name, cpf, email, phone, date_of_birth, zip_code, blood_type, height, created_at, updated_at) VALUES ('36368e63-c58f-4c97-8387-8876baffd817', 'Fernanda Costa', '12340787462', 'fernanda.costa5@teste.eliahealth.com', '21386715510', '1992-09-15', '22450377', 'A-', 168, NOW(), NOW()) ON CONFLICT (cpf) DO NOTHING;
INSERT INTO patients (id, full_name, cpf, email, phone, date_of_birth, zip_code, blood_type, height, created_at, updated_at) VALUES ('bad253b1-4cbe-4f8e-9700-ab7e63033b21', 'Gabriela Souza', '56790973385', 'gabriela.souza6@teste.eliahealth.com', '11694801203', '1992-03-14', '22790429', 'A-', 158, NOW(), NOW()) ON CONFLICT (cpf) DO NOTHING;
INSERT INTO patients (id, full_name, cpf, email, phone, date_of_birth, zip_code, blood_type, height, created_at, updated_at) VALUES ('d5116ab2-eecf-46e3-a64e-11701ddcdb11', 'Helena Rodrigues', '69019262271', 'helena.rodrigues7@teste.eliahealth.com', '31651636383', '1990-11-26', '22620058', 'A-', 165, NOW(), NOW()) ON CONFLICT (cpf) DO NOTHING;
INSERT INTO patients (id, full_name, cpf, email, phone, date_of_birth, zip_code, blood_type, height, created_at, updated_at) VALUES ('a8d1f5c5-a9ec-4c93-afaf-5103d682190c', 'Isabela Martins', '93086601592', 'isabela.martins8@teste.eliahealth.com', '11810200949', '1999-05-16', '22041276', 'A-', 153, NOW(), NOW()) ON CONFLICT (cpf) DO NOTHING;
INSERT INTO patients (id, full_name, cpf, email, phone, date_of_birth, zip_code, blood_type, height, created_at, updated_at) VALUES ('85918ca5-bb84-4adb-8f56-7d68ab82f988', 'Julia Almeida', '71003076560', 'julia.almeida9@teste.eliahealth.com', '31640457894', '1995-10-03', '20520354', 'AB-', 161, NOW(), NOW()) ON CONFLICT (cpf) DO NOTHING;
INSERT INTO patients (id, full_name, cpf, email, phone, date_of_birth, zip_code, blood_type, height, created_at, updated_at) VALUES ('5d3ffde3-7cbc-4d76-b27f-14e2bfe9948a', 'Karla Pereira', '31650153454', 'karla.pereira10@teste.eliahealth.com', '31310671253', '1996-10-28', '21310626', 'AB+', 169, NOW(), NOW()) ON CONFLICT (cpf) DO NOTHING;
INSERT INTO patients (id, full_name, cpf, email, phone, date_of_birth, zip_code, blood_type, height, created_at, updated_at) VALUES ('a6c70d30-f22a-4f47-a3cd-32c416e06c5b', 'Larissa Goncalves', '77506714836', 'larissa.goncalves11@teste.eliahealth.com', '31616308798', '2001-04-13', '22210158', 'B+', 151, NOW(), NOW()) ON CONFLICT (cpf) DO NOTHING;
INSERT INTO patients (id, full_name, cpf, email, phone, date_of_birth, zip_code, blood_type, height, created_at, updated_at) VALUES ('0afc3bd6-dbeb-4b24-bd06-2fc97f285e34', 'Mariana Ribeiro', '20972335334', 'mariana.ribeiro12@teste.eliahealth.com', '21872914613', '1999-11-20', '21310516', 'B+', 155, NOW(), NOW()) ON CONFLICT (cpf) DO NOTHING;
INSERT INTO patients (id, full_name, cpf, email, phone, date_of_birth, zip_code, blood_type, height, created_at, updated_at) VALUES ('0220932a-5180-4fb4-815a-14d9fcead39a', 'Natalia Carvalho', '87403227838', 'natalia.carvalho13@teste.eliahealth.com', '21545654827', '1998-12-22', '22041801', 'O-', 162, NOW(), NOW()) ON CONFLICT (cpf) DO NOTHING;
INSERT INTO patients (id, full_name, cpf, email, phone, date_of_birth, zip_code, blood_type, height, created_at, updated_at) VALUES ('2f3d0666-8075-424a-94c4-26b195d89634', 'Olivia Mendes', '58988401789', 'olivia.mendes14@teste.eliahealth.com', '31636747356', '1992-05-24', '20520483', 'AB+', 155, NOW(), NOW()) ON CONFLICT (cpf) DO NOTHING;
INSERT INTO patients (id, full_name, cpf, email, phone, date_of_birth, zip_code, blood_type, height, created_at, updated_at) VALUES ('78fb4b0f-0112-4bbc-ae27-392f82f65b87', 'Patricia Araujo', '97797378554', 'patricia.araujo15@teste.eliahealth.com', '11305008388', '1997-01-05', '21310836', 'A+', 159, NOW(), NOW()) ON CONFLICT (cpf) DO NOTHING;
INSERT INTO patients (id, full_name, cpf, email, phone, date_of_birth, zip_code, blood_type, height, created_at, updated_at) VALUES ('c75ded5c-d9e4-4f9a-978e-89f107dba608', 'Rafaela Barbosa', '35118222103', 'rafaela.barbosa16@teste.eliahealth.com', '21876503514', '1994-06-15', '21710816', 'A-', 157, NOW(), NOW()) ON CONFLICT (cpf) DO NOTHING;
INSERT INTO patients (id, full_name, cpf, email, phone, date_of_birth, zip_code, blood_type, height, created_at, updated_at) VALUES ('0dec359a-b5de-40cd-ab23-e0c1f30a3730', 'Sabrina Nascimento', '53347365532', 'sabrina.nascimento17@teste.eliahealth.com', '31757517090', '1991-11-04', '22210980', 'A+', 168, NOW(), NOW()) ON CONFLICT (cpf) DO NOTHING;
INSERT INTO patients (id, full_name, cpf, email, phone, date_of_birth, zip_code, blood_type, height, created_at, updated_at) VALUES ('d11741b1-6158-420c-837b-6df9ce06b6b7', 'Tatiana Moreira', '22443130868', 'tatiana.moreira18@teste.eliahealth.com', '11243823778', '1998-08-23', '22041936', 'B-', 155, NOW(), NOW()) ON CONFLICT (cpf) DO NOTHING;
INSERT INTO patients (id, full_name, cpf, email, phone, date_of_birth, zip_code, blood_type, height, created_at, updated_at) VALUES ('5553201c-352d-4446-9364-cac843d2405c', 'Ursula Dias', '64866009141', 'ursula.dias19@teste.eliahealth.com', '11455251703', '2001-09-03', '21510436', 'O-', 150, NOW(), NOW()) ON CONFLICT (cpf) DO NOTHING;
INSERT INTO patients (id, full_name, cpf, email, phone, date_of_birth, zip_code, blood_type, height, created_at, updated_at) VALUES ('29f4861d-6296-40fa-a078-dab6d3b3c83d', 'Vanessa Cardoso', '08678121972', 'vanessa.cardoso20@teste.eliahealth.com', '11937890277', '1993-12-11', '22041246', 'B-', 173, NOW(), NOW()) ON CONFLICT (cpf) DO NOTHING;
INSERT INTO patients (id, full_name, cpf, email, phone, date_of_birth, zip_code, blood_type, height, created_at, updated_at) VALUES ('291f9552-3711-4e46-87d4-1444dfb34c2d', 'Wanda Correia', '16316981764', 'wanda.correia21@teste.eliahealth.com', '21507796789', '1998-03-02', '21310933', 'O-', 155, NOW(), NOW()) ON CONFLICT (cpf) DO NOTHING;
INSERT INTO patients (id, full_name, cpf, email, phone, date_of_birth, zip_code, blood_type, height, created_at, updated_at) VALUES ('5df8c979-e565-4afe-ac3c-f73a55ae75d9', 'Yasmin Teixeira', '22599351442', 'yasmin.teixeira22@teste.eliahealth.com', '31253653087', '2000-09-10', '20520175', 'O+', 168, NOW(), NOW()) ON CONFLICT (cpf) DO NOTHING;
INSERT INTO patients (id, full_name, cpf, email, phone, date_of_birth, zip_code, blood_type, height, created_at, updated_at) VALUES ('5e072664-2b6d-4b99-97cc-9974fa1fa6f6', 'Zilda Monteiro', '35099091390', 'zilda.monteiro23@teste.eliahealth.com', '21861031150', '1993-01-26', '22210199', 'O+', 153, NOW(), NOW()) ON CONFLICT (cpf) DO NOTHING;
INSERT INTO patients (id, full_name, cpf, email, phone, date_of_birth, zip_code, blood_type, height, created_at, updated_at) VALUES ('d6173cd9-4e76-40be-b6c3-89d3b51c2d9a', 'Amanda Cunha', '47411393503', 'amanda.cunha24@teste.eliahealth.com', '21093159973', '1995-11-12', '21510356', 'O-', 164, NOW(), NOW()) ON CONFLICT (cpf) DO NOTHING;
INSERT INTO patients (id, full_name, cpf, email, phone, date_of_birth, zip_code, blood_type, height, created_at, updated_at) VALUES ('8f526ed4-57f8-4f86-9fdc-426eddb982a2', 'Bruna Vieira', '50319689219', 'bruna.vieira25@teste.eliahealth.com', '11673891838', '1990-11-17', '22430745', 'AB+', 162, NOW(), NOW()) ON CONFLICT (cpf) DO NOTHING;
INSERT INTO patients (id, full_name, cpf, email, phone, date_of_birth, zip_code, blood_type, height, created_at, updated_at) VALUES ('c702362a-e809-4ba7-9d0f-036475bdd568', 'Carolina Ramos', '11576978482', 'carolina.ramos26@teste.eliahealth.com', '11910093749', '1991-09-25', '22450305', 'B-', 171, NOW(), NOW()) ON CONFLICT (cpf) DO NOTHING;
INSERT INTO patients (id, full_name, cpf, email, phone, date_of_birth, zip_code, blood_type, height, created_at, updated_at) VALUES ('76186526-5f28-4e09-9666-0dd846aa647d', 'Diana Nunes', '02597512268', 'diana.nunes27@teste.eliahealth.com', '21712694269', '1990-02-03', '24020954', 'A-', 158, NOW(), NOW()) ON CONFLICT (cpf) DO NOTHING;
INSERT INTO patients (id, full_name, cpf, email, phone, date_of_birth, zip_code, blood_type, height, created_at, updated_at) VALUES ('75c58371-4a96-4337-985b-73a37518a1ac', 'Elisa Machado', '13614669357', 'elisa.machado28@teste.eliahealth.com', '11915645694', '1999-12-21', '21510199', 'AB-', 153, NOW(), NOW()) ON CONFLICT (cpf) DO NOTHING;
INSERT INTO patients (id, full_name, cpf, email, phone, date_of_birth, zip_code, blood_type, height, created_at, updated_at) VALUES ('08672b1c-d806-49df-88d7-af38b5417131', 'Flavia Pinto', '13695221682', 'flavia.pinto29@teste.eliahealth.com', '22084531686', '1993-09-20', '24020586', 'O-', 159, NOW(), NOW()) ON CONFLICT (cpf) DO NOTHING;
INSERT INTO patients (id, full_name, cpf, email, phone, date_of_birth, zip_code, blood_type, height, created_at, updated_at) VALUES ('71286bb5-cbda-4d13-a17d-81690fc791ba', 'Giovanna Rocha', '55539326384', 'giovanna.rocha30@teste.eliahealth.com', '21832967986', '1997-08-07', '23500437', 'B+', 160, NOW(), NOW()) ON CONFLICT (cpf) DO NOTHING;
INSERT INTO patients (id, full_name, cpf, email, phone, date_of_birth, zip_code, blood_type, height, created_at, updated_at) VALUES ('19f822a9-74fc-493d-9889-c26b06c2399d', 'Heloisa Azevedo', '45293951901', 'heloisa.azevedo31@teste.eliahealth.com', '31751620575', '1990-08-02', '20520641', 'A-', 153, NOW(), NOW()) ON CONFLICT (cpf) DO NOTHING;
INSERT INTO patients (id, full_name, cpf, email, phone, date_of_birth, zip_code, blood_type, height, created_at, updated_at) VALUES ('631a235f-bb05-498f-9262-dfb8c3a6130f', 'Iris Campos', '69844862180', 'iris.campos32@teste.eliahealth.com', '22481780848', '1996-12-11', '21510376', 'AB-', 152, NOW(), NOW()) ON CONFLICT (cpf) DO NOTHING;
INSERT INTO patients (id, full_name, cpf, email, phone, date_of_birth, zip_code, blood_type, height, created_at, updated_at) VALUES ('30c97e82-9660-44c4-8e23-38ab32eda4b6', 'Joana Freitas', '88646353780', 'joana.freitas33@teste.eliahealth.com', '22286976708', '1991-05-14', '22450468', 'O+', 162, NOW(), NOW()) ON CONFLICT (cpf) DO NOTHING;
INSERT INTO patients (id, full_name, cpf, email, phone, date_of_birth, zip_code, blood_type, height, created_at, updated_at) VALUES ('3189add7-67b4-4b6e-b2f5-195a7088ad25', 'Kelly Borges', '48032946363', 'kelly.borges34@teste.eliahealth.com', '11788362347', '2001-03-09', '22430447', 'AB+', 152, NOW(), NOW()) ON CONFLICT (cpf) DO NOTHING;
INSERT INTO patients (id, full_name, cpf, email, phone, date_of_birth, zip_code, blood_type, height, created_at, updated_at) VALUES ('7c27bb4d-074f-4a0c-b163-9f6330294938', 'Leticia Reis', '87250243307', 'leticia.reis35@teste.eliahealth.com', '11523588412', '1990-05-14', '21510693', 'O+', 172, NOW(), NOW()) ON CONFLICT (cpf) DO NOTHING;
INSERT INTO patients (id, full_name, cpf, email, phone, date_of_birth, zip_code, blood_type, height, created_at, updated_at) VALUES ('2c725ec4-20ec-4040-8ad8-14b454fd1c5b', 'Monica Duarte', '47020173943', 'monica.duarte36@teste.eliahealth.com', '31556670889', '1992-03-01', '22450509', 'A+', 160, NOW(), NOW()) ON CONFLICT (cpf) DO NOTHING;
INSERT INTO patients (id, full_name, cpf, email, phone, date_of_birth, zip_code, blood_type, height, created_at, updated_at) VALUES ('a969c70c-28ab-486e-a3fb-414c4bb9253b', 'Nadia Castro', '95267674648', 'nadia.castro37@teste.eliahealth.com', '21389299473', '1992-12-13', '22790169', 'AB+', 171, NOW(), NOW()) ON CONFLICT (cpf) DO NOTHING;
INSERT INTO patients (id, full_name, cpf, email, phone, date_of_birth, zip_code, blood_type, height, created_at, updated_at) VALUES ('9b798e0a-ecd5-41be-a8c7-b4af63830cea', 'Priscila Lopes', '93404258738', 'priscila.lopes38@teste.eliahealth.com', '31689687896', '1995-02-06', '20510861', 'A+', 165, NOW(), NOW()) ON CONFLICT (cpf) DO NOTHING;
INSERT INTO patients (id, full_name, cpf, email, phone, date_of_birth, zip_code, blood_type, height, created_at, updated_at) VALUES ('9dbe8ec5-143d-4ccf-b457-8e3ded96bd2c', 'Raquel Melo', '79167935655', 'raquel.melo39@teste.eliahealth.com', '31483969402', '2001-08-10', '22410879', 'A-', 158, NOW(), NOW()) ON CONFLICT (cpf) DO NOTHING;
INSERT INTO patients (id, full_name, cpf, email, phone, date_of_birth, zip_code, blood_type, height, created_at, updated_at) VALUES ('59b798d5-a6ab-495b-931b-8691ac658a5d', 'Simone Fonseca', '97521245056', 'simone.fonseca40@teste.eliahealth.com', '21559371329', '1996-12-11', '21310602', 'B+', 167, NOW(), NOW()) ON CONFLICT (cpf) DO NOTHING;
INSERT INTO patients (id, full_name, cpf, email, phone, date_of_birth, zip_code, blood_type, height, created_at, updated_at) VALUES ('489d13e7-8b39-4bf8-b2bd-9dfaf6f88778', 'Tais Andrade', '35863702602', 'tais.andrade41@teste.eliahealth.com', '21078910298', '1996-11-23', '20910708', 'B-', 155, NOW(), NOW()) ON CONFLICT (cpf) DO NOTHING;
INSERT INTO patients (id, full_name, cpf, email, phone, date_of_birth, zip_code, blood_type, height, created_at, updated_at) VALUES ('ee449bc2-6dd5-4de4-ae71-15390e025c4b', 'Vitoria Braga', '42289433276', 'vitoria.braga42@teste.eliahealth.com', '22257327517', '1991-08-13', '20510811', 'AB+', 166, NOW(), NOW()) ON CONFLICT (cpf) DO NOTHING;
INSERT INTO patients (id, full_name, cpf, email, phone, date_of_birth, zip_code, blood_type, height, created_at, updated_at) VALUES ('e1841b8b-1fdb-4a58-981a-d2ec969bcba9', 'Aline Moura', '93199363860', 'aline.moura43@teste.eliahealth.com', '11498363830', '1998-10-27', '20910719', 'AB-', 162, NOW(), NOW()) ON CONFLICT (cpf) DO NOTHING;
INSERT INTO patients (id, full_name, cpf, email, phone, date_of_birth, zip_code, blood_type, height, created_at, updated_at) VALUES ('8b0eab50-39b8-4a7a-ba5c-451e52a3e8ab', 'Barbara Coelho', '37861101104', 'barbara.coelho44@teste.eliahealth.com', '21487985824', '2000-11-26', '22790080', 'B+', 153, NOW(), NOW()) ON CONFLICT (cpf) DO NOTHING;
INSERT INTO patients (id, full_name, cpf, email, phone, date_of_birth, zip_code, blood_type, height, created_at, updated_at) VALUES ('3ee168e5-c0c0-488b-be09-39d7d852c6a8', 'Claudia Xavier', '47046967654', 'claudia.xavier45@teste.eliahealth.com', '11544017918', '2000-09-23', '22410330', 'B+', 155, NOW(), NOW()) ON CONFLICT (cpf) DO NOTHING;
INSERT INTO patients (id, full_name, cpf, email, phone, date_of_birth, zip_code, blood_type, height, created_at, updated_at) VALUES ('617248f1-f2b6-4a53-9d07-722f2fdbf69f', 'Debora Pires', '55954894371', 'debora.pires46@teste.eliahealth.com', '31299950577', '2001-01-21', '22041777', 'B+', 156, NOW(), NOW()) ON CONFLICT (cpf) DO NOTHING;
INSERT INTO patients (id, full_name, cpf, email, phone, date_of_birth, zip_code, blood_type, height, created_at, updated_at) VALUES ('09b6b7d3-8680-494c-82f0-0f66ba25a8fb', 'Erica Guimaraes', '78131727786', 'erica.guimaraes47@teste.eliahealth.com', '22442181416', '1996-05-02', '22790687', 'B+', 151, NOW(), NOW()) ON CONFLICT (cpf) DO NOTHING;
INSERT INTO patients (id, full_name, cpf, email, phone, date_of_birth, zip_code, blood_type, height, created_at, updated_at) VALUES ('4ae98319-5890-49aa-956c-b65fdc87a194', 'Fabiana Tavares', '62263403281', 'fabiana.tavares48@teste.eliahealth.com', '21130348419', '1994-05-20', '20910535', 'AB+', 174, NOW(), NOW()) ON CONFLICT (cpf) DO NOTHING;
INSERT INTO patients (id, full_name, cpf, email, phone, date_of_birth, zip_code, blood_type, height, created_at, updated_at) VALUES ('fcbb6733-b37f-4041-bbe1-3e0e086ee5ed', 'Grace Batista', '25842614151', 'grace.batista49@teste.eliahealth.com', '21402589494', '1994-04-07', '22410465', 'A+', 164, NOW(), NOW()) ON CONFLICT (cpf) DO NOTHING;
INSERT INTO patients (id, full_name, cpf, email, phone, date_of_birth, zip_code, blood_type, height, created_at, updated_at) VALUES ('02f914ca-60d0-4e5a-bbdf-73e61fbcd702', 'Hilda Nogueira', '12543395244', 'hilda.nogueira50@teste.eliahealth.com', '22767582897', '1992-03-11', '22790415', 'AB+', 156, NOW(), NOW()) ON CONFLICT (cpf) DO NOTHING;
INSERT INTO patients (id, full_name, cpf, email, phone, date_of_birth, zip_code, blood_type, height, created_at, updated_at) VALUES ('f171551f-9ba6-4e65-b90b-02ea6a873354', 'Ivana Silveira', '77633871402', 'ivana.silveira51@teste.eliahealth.com', '21692980899', '1997-06-13', '24020486', 'B-', 154, NOW(), NOW()) ON CONFLICT (cpf) DO NOTHING;
INSERT INTO patients (id, full_name, cpf, email, phone, date_of_birth, zip_code, blood_type, height, created_at, updated_at) VALUES ('d34730b2-6811-4ab3-83f4-b3a3baa57149', 'Janaina Siqueira', '94748554910', 'janaina.siqueira52@teste.eliahealth.com', '22516132237', '1992-01-13', '22041467', 'AB+', 154, NOW(), NOW()) ON CONFLICT (cpf) DO NOTHING;
INSERT INTO patients (id, full_name, cpf, email, phone, date_of_birth, zip_code, blood_type, height, created_at, updated_at) VALUES ('6fe7f683-104a-4809-b7de-03a5285b93b6', 'Lilian Amaral', '13691317780', 'lilian.amaral53@teste.eliahealth.com', '21382510594', '1994-12-24', '22790197', 'B-', 169, NOW(), NOW()) ON CONFLICT (cpf) DO NOTHING;
INSERT INTO patients (id, full_name, cpf, email, phone, date_of_birth, zip_code, blood_type, height, created_at, updated_at) VALUES ('47265728-6e16-4ab2-80f7-bc7a8253c172', 'Miriam Medeiros', '84923280482', 'miriam.medeiros54@teste.eliahealth.com', '31347206264', '1992-11-07', '22430180', 'B+', 167, NOW(), NOW()) ON CONFLICT (cpf) DO NOTHING;
INSERT INTO patients (id, full_name, cpf, email, phone, date_of_birth, zip_code, blood_type, height, created_at, updated_at) VALUES ('0d4ad41e-b6e5-428f-afcc-5be9cfd11e1e', 'Noemia Alencar', '47051375111', 'noemia.alencar55@teste.eliahealth.com', '22943632929', '1995-09-18', '23500700', 'A+', 174, NOW(), NOW()) ON CONFLICT (cpf) DO NOTHING;
INSERT INTO patients (id, full_name, cpf, email, phone, date_of_birth, zip_code, blood_type, height, created_at, updated_at) VALUES ('0caa1db5-5764-4ebe-851e-1ec6bd168e76', 'Paula Figueiredo', '18643430139', 'paula.figueiredo56@teste.eliahealth.com', '11735226823', '1996-11-04', '21710344', 'A-', 153, NOW(), NOW()) ON CONFLICT (cpf) DO NOTHING;
INSERT INTO patients (id, full_name, cpf, email, phone, date_of_birth, zip_code, blood_type, height, created_at, updated_at) VALUES ('425dc0c7-0504-489c-bba9-9cd94d41109b', 'Regina Vasconcelos', '38284875646', 'regina.vasconcelos57@teste.eliahealth.com', '22292259326', '1994-02-22', '21610768', 'B-', 161, NOW(), NOW()) ON CONFLICT (cpf) DO NOTHING;
INSERT INTO patients (id, full_name, cpf, email, phone, date_of_birth, zip_code, blood_type, height, created_at, updated_at) VALUES ('822c7369-1b35-4cab-b900-b624ee89a771', 'Sandra Sampaio', '57631547241', 'sandra.sampaio58@teste.eliahealth.com', '31318261503', '2001-11-26', '22210478', 'B-', 168, NOW(), NOW()) ON CONFLICT (cpf) DO NOTHING;
INSERT INTO patients (id, full_name, cpf, email, phone, date_of_birth, zip_code, blood_type, height, created_at, updated_at) VALUES ('2e6424d4-ead7-4594-b7aa-d6046745d693', 'Teresa Aguiar', '16923752592', 'teresa.aguiar59@teste.eliahealth.com', '11606605951', '2001-11-05', '22430597', 'B-', 162, NOW(), NOW()) ON CONFLICT (cpf) DO NOTHING;
INSERT INTO patients (id, full_name, cpf, email, phone, date_of_birth, zip_code, blood_type, height, created_at, updated_at) VALUES ('b76072ad-a521-44a9-88da-33b0eb188f92', 'Valeria Lacerda', '88183946901', 'valeria.lacerda60@teste.eliahealth.com', '11333698510', '1998-09-10', '22450262', 'O-', 167, NOW(), NOW()) ON CONFLICT (cpf) DO NOTHING;
INSERT INTO patients (id, full_name, cpf, email, phone, date_of_birth, zip_code, blood_type, height, created_at, updated_at) VALUES ('36c335c8-28a6-4226-b126-2d7e980a1791', 'Aparecida Brito', '31933733331', 'aparecida.brito61@teste.eliahealth.com', '11334209192', '1998-07-03', '24020673', 'O+', 151, NOW(), NOW()) ON CONFLICT (cpf) DO NOTHING;
INSERT INTO patients (id, full_name, cpf, email, phone, date_of_birth, zip_code, blood_type, height, created_at, updated_at) VALUES ('2314bdc2-b573-4ef9-8545-50988c6d998a', 'Bianca Rangel', '54501376002', 'bianca.rangel62@teste.eliahealth.com', '11892695455', '1992-03-08', '22790478', 'B-', 163, NOW(), NOW()) ON CONFLICT (cpf) DO NOTHING;
INSERT INTO patients (id, full_name, cpf, email, phone, date_of_birth, zip_code, blood_type, height, created_at, updated_at) VALUES ('8941113f-54da-40df-a232-f291dd008291', 'Cecilia Barreto', '63217895481', 'cecilia.barreto63@teste.eliahealth.com', '22081382748', '1997-09-26', '22410283', 'AB-', 151, NOW(), NOW()) ON CONFLICT (cpf) DO NOTHING;
INSERT INTO patients (id, full_name, cpf, email, phone, date_of_birth, zip_code, blood_type, height, created_at, updated_at) VALUES ('c8252072-dfca-4da2-b44e-1cee4d93c65f', 'Denise Franco', '79784280913', 'denise.franco64@teste.eliahealth.com', '22152123187', '2001-12-28', '22450176', 'B-', 159, NOW(), NOW()) ON CONFLICT (cpf) DO NOTHING;
INSERT INTO patients (id, full_name, cpf, email, phone, date_of_birth, zip_code, blood_type, height, created_at, updated_at) VALUES ('f5cc1cbb-0848-4393-af9b-35fc782a6fb8', 'Eliane Pinheiro', '01614253657', 'eliane.pinheiro65@teste.eliahealth.com', '21325069005', '1991-05-20', '22790320', 'O-', 167, NOW(), NOW()) ON CONFLICT (cpf) DO NOTHING;
INSERT INTO patients (id, full_name, cpf, email, phone, date_of_birth, zip_code, blood_type, height, created_at, updated_at) VALUES ('135ee9c6-ddff-4a3e-aab7-96d8921c405b', 'Fatima Cordeiro', '49765988794', 'fatima.cordeiro66@teste.eliahealth.com', '22787498837', '1990-05-14', '22450199', 'AB+', 168, NOW(), NOW()) ON CONFLICT (cpf) DO NOTHING;
INSERT INTO patients (id, full_name, cpf, email, phone, date_of_birth, zip_code, blood_type, height, created_at, updated_at) VALUES ('1e997a55-07a2-42cf-82f6-e61c4da2a0f7', 'Gloria Matos', '75129928112', 'gloria.matos67@teste.eliahealth.com', '31700013283', '1990-11-12', '24020712', 'O-', 168, NOW(), NOW()) ON CONFLICT (cpf) DO NOTHING;
INSERT INTO patients (id, full_name, cpf, email, phone, date_of_birth, zip_code, blood_type, height, created_at, updated_at) VALUES ('e37dd69f-b925-4358-acc1-687c547dc007', 'Ingrid Cavalcanti', '22147057548', 'ingrid.cavalcanti68@teste.eliahealth.com', '21695963018', '1999-01-14', '22790132', 'AB-', 170, NOW(), NOW()) ON CONFLICT (cpf) DO NOTHING;
INSERT INTO patients (id, full_name, cpf, email, phone, date_of_birth, zip_code, blood_type, height, created_at, updated_at) VALUES ('51cc1154-a869-4e19-872b-8b4721209d7e', 'Jaqueline Sales', '22049027750', 'jaqueline.sales69@teste.eliahealth.com', '11099162595', '1999-05-17', '24020098', 'A+', 169, NOW(), NOW()) ON CONFLICT (cpf) DO NOTHING;
INSERT INTO patients (id, full_name, cpf, email, phone, date_of_birth, zip_code, blood_type, height, created_at, updated_at) VALUES ('b5402d86-73a6-491b-ada8-53496f91703c', 'Karina Rego', '14310361088', 'karina.rego70@teste.eliahealth.com', '31410597252', '1992-08-22', '22410477', 'O-', 152, NOW(), NOW()) ON CONFLICT (cpf) DO NOTHING;
INSERT INTO patients (id, full_name, cpf, email, phone, date_of_birth, zip_code, blood_type, height, created_at, updated_at) VALUES ('f9e5b4be-45a7-45a4-884f-916538906ad3', 'Laura Pacheco', '44883318774', 'laura.pacheco71@teste.eliahealth.com', '31669505671', '1974-07-18', '23500869', 'O-', 168, NOW(), NOW()) ON CONFLICT (cpf) DO NOTHING;
INSERT INTO patients (id, full_name, cpf, email, phone, date_of_birth, zip_code, blood_type, height, created_at, updated_at) VALUES ('9d7acf7d-62e2-4720-9c07-667347c6ab35', 'Mercedes Assis', '65530995952', 'mercedes.assis72@teste.eliahealth.com', '31814757907', '1974-06-04', '22450673', 'O+', 173, NOW(), NOW()) ON CONFLICT (cpf) DO NOTHING;
INSERT INTO patients (id, full_name, cpf, email, phone, date_of_birth, zip_code, blood_type, height, created_at, updated_at) VALUES ('92b81410-b9f8-4db2-b579-b7842b23bfa1', 'Neuza Queiroz', '85544810129', 'neuza.queiroz73@teste.eliahealth.com', '21712479024', '1991-02-22', '22041615', 'O-', 171, NOW(), NOW()) ON CONFLICT (cpf) DO NOTHING;
INSERT INTO patients (id, full_name, cpf, email, phone, date_of_birth, zip_code, blood_type, height, created_at, updated_at) VALUES ('58fe1bce-5091-417a-b88c-984139284a08', 'Odete Magalhaes', '88375487006', 'odete.magalhaes74@teste.eliahealth.com', '21258028636', '1981-06-10', '22790830', 'AB+', 152, NOW(), NOW()) ON CONFLICT (cpf) DO NOTHING;
INSERT INTO patients (id, full_name, cpf, email, phone, date_of_birth, zip_code, blood_type, height, created_at, updated_at) VALUES ('c1fd21a6-2ead-4318-a051-fd03dc641543', 'Paloma Toledo', '12436481133', 'paloma.toledo75@teste.eliahealth.com', '11796255791', '1969-02-02', '23500610', 'A+', 153, NOW(), NOW()) ON CONFLICT (cpf) DO NOTHING;
INSERT INTO patients (id, full_name, cpf, email, phone, date_of_birth, zip_code, blood_type, height, created_at, updated_at) VALUES ('62c9b672-7646-48f0-8473-0ab736353921', 'Renata Sena', '90818671491', 'renata.sena76@teste.eliahealth.com', '21052891600', '1981-06-03', '21310313', 'B-', 157, NOW(), NOW()) ON CONFLICT (cpf) DO NOTHING;
INSERT INTO patients (id, full_name, cpf, email, phone, date_of_birth, zip_code, blood_type, height, created_at, updated_at) VALUES ('94d0a7d0-a1c0-4209-ad60-0285599f8240', 'Sonia Resende', '05133295666', 'sonia.resende77@teste.eliahealth.com', '31386024850', '1960-08-18', '20510913', 'AB+', 156, NOW(), NOW()) ON CONFLICT (cpf) DO NOTHING;
INSERT INTO patients (id, full_name, cpf, email, phone, date_of_birth, zip_code, blood_type, height, created_at, updated_at) VALUES ('20173f9d-47ce-4ba4-9345-74bc8688ebe8', 'Thais Fontes', '56483885060', 'thais.fontes78@teste.eliahealth.com', '31759766886', '1988-05-21', '21510494', 'A-', 163, NOW(), NOW()) ON CONFLICT (cpf) DO NOTHING;
INSERT INTO patients (id, full_name, cpf, email, phone, date_of_birth, zip_code, blood_type, height, created_at, updated_at) VALUES ('5db7efb1-4474-45d4-9998-544988c01200', 'Vera Macedo', '85743583846', 'vera.macedo79@teste.eliahealth.com', '11108113003', '1966-11-28', '21510358', 'AB+', 164, NOW(), NOW()) ON CONFLICT (cpf) DO NOTHING;
INSERT INTO patients (id, full_name, cpf, email, phone, date_of_birth, zip_code, blood_type, height, created_at, updated_at) VALUES ('ba9aacaf-9221-4931-b31c-1f42a05fa9db', 'Adriana Paiva', '77590371144', 'adriana.paiva80@teste.eliahealth.com', '21410445907', '1996-01-04', '20520857', 'B+', 173, NOW(), NOW()) ON CONFLICT (cpf) DO NOTHING;
INSERT INTO patients (id, full_name, cpf, email, phone, date_of_birth, zip_code, blood_type, height, created_at, updated_at) VALUES ('6a211c5a-7e92-44b1-b940-ba91d5804251', 'Bernadete Leite', '80399106191', 'bernadete.leite81@teste.eliahealth.com', '11277461969', '1997-09-19', '20520881', 'A+', 164, NOW(), NOW()) ON CONFLICT (cpf) DO NOTHING;
INSERT INTO patients (id, full_name, cpf, email, phone, date_of_birth, zip_code, blood_type, height, created_at, updated_at) VALUES ('c39d803b-b9cd-4085-8d5d-b0f5fa8c1cd9', 'Cristina Chaves', '72560053582', 'cristina.chaves82@teste.eliahealth.com', '31070001496', '1962-03-22', '22790664', 'B-', 156, NOW(), NOW()) ON CONFLICT (cpf) DO NOTHING;
INSERT INTO patients (id, full_name, cpf, email, phone, date_of_birth, zip_code, blood_type, height, created_at, updated_at) VALUES ('f66f8220-b9bb-43b9-b06a-c6f8faba5180', 'Dolores Menezes', '81788633886', 'dolores.menezes83@teste.eliahealth.com', '31894680364', '1981-10-26', '20910899', 'B-', 173, NOW(), NOW()) ON CONFLICT (cpf) DO NOTHING;
INSERT INTO patients (id, full_name, cpf, email, phone, date_of_birth, zip_code, blood_type, height, created_at, updated_at) VALUES ('6a33fc17-768e-4fea-9f5d-abdc4bf00840', 'Eunice Torres', '12512834522', 'eunice.torres84@teste.eliahealth.com', '21116265076', '1961-02-03', '20910607', 'A-', 159, NOW(), NOW()) ON CONFLICT (cpf) DO NOTHING;
INSERT INTO patients (id, full_name, cpf, email, phone, date_of_birth, zip_code, blood_type, height, created_at, updated_at) VALUES ('1b6683e0-fa3d-4ec7-be1d-8ff653e5c15c', 'Francisca Antunes', '03254024333', 'francisca.antunes85@teste.eliahealth.com', '21732747406', '1987-09-10', '22620884', 'A+', 161, NOW(), NOW()) ON CONFLICT (cpf) DO NOTHING;
INSERT INTO patients (id, full_name, cpf, email, phone, date_of_birth, zip_code, blood_type, height, created_at, updated_at) VALUES ('bb690186-6871-427b-ac9b-eb38b5ad5472', 'Gisele Dantas', '31899271273', 'gisele.dantas86@teste.eliahealth.com', '31757952320', '1994-09-02', '21710415', 'B+', 166, NOW(), NOW()) ON CONFLICT (cpf) DO NOTHING;
INSERT INTO patients (id, full_name, cpf, email, phone, date_of_birth, zip_code, blood_type, height, created_at, updated_at) VALUES ('817bb2a9-0d42-4767-9db2-ac6a16110ee2', 'Ivone Esteves', '11774062587', 'ivone.esteves87@teste.eliahealth.com', '11525898483', '1999-04-15', '22041669', 'A+', 154, NOW(), NOW()) ON CONFLICT (cpf) DO NOTHING;
INSERT INTO patients (id, full_name, cpf, email, phone, date_of_birth, zip_code, blood_type, height, created_at, updated_at) VALUES ('8e44de4d-fbab-4e1c-b46a-5eebf2b4c579', 'Josiane Calixto', '61065941625', 'josiane.calixto88@teste.eliahealth.com', '22292311030', '1984-07-07', '22430843', 'B-', 154, NOW(), NOW()) ON CONFLICT (cpf) DO NOTHING;
INSERT INTO patients (id, full_name, cpf, email, phone, date_of_birth, zip_code, blood_type, height, created_at, updated_at) VALUES ('ad6bb065-f4ce-40d6-98fb-3fc6c1e40c96', 'Luciana Lobato', '13357596870', 'luciana.lobato89@teste.eliahealth.com', '22655995147', '1968-02-25', '20510747', 'O+', 154, NOW(), NOW()) ON CONFLICT (cpf) DO NOTHING;
INSERT INTO patients (id, full_name, cpf, email, phone, date_of_birth, zip_code, blood_type, height, created_at, updated_at) VALUES ('43022b65-1ab7-4eb8-8504-a981461e755f', 'Marta Vargas', '92612873399', 'marta.vargas90@teste.eliahealth.com', '31389963625', '1989-05-05', '22790718', 'AB+', 155, NOW(), NOW()) ON CONFLICT (cpf) DO NOTHING;
INSERT INTO patients (id, full_name, cpf, email, phone, date_of_birth, zip_code, blood_type, height, created_at, updated_at) VALUES ('ba037011-b5d0-483f-831d-ddfcfbe42743', 'Nair Veloso', '65692394180', 'nair.veloso91@teste.eliahealth.com', '11873747668', '2002-03-15', '20520194', 'O+', 168, NOW(), NOW()) ON CONFLICT (cpf) DO NOTHING;
INSERT INTO patients (id, full_name, cpf, email, phone, date_of_birth, zip_code, blood_type, height, created_at, updated_at) VALUES ('32859216-eb55-460d-bc30-d7e8e6e3c67f', 'Rosana Bentes', '80183187832', 'rosana.bentes92@teste.eliahealth.com', '22447011462', '1991-09-04', '22430273', 'B+', 153, NOW(), NOW()) ON CONFLICT (cpf) DO NOTHING;
INSERT INTO patients (id, full_name, cpf, email, phone, date_of_birth, zip_code, blood_type, height, created_at, updated_at) VALUES ('72d08e6a-4fbe-4841-a19a-b9b62021a75a', 'Selma Jardim', '66859698428', 'selma.jardim93@teste.eliahealth.com', '11331865341', '1998-01-23', '23500868', 'O+', 160, NOW(), NOW()) ON CONFLICT (cpf) DO NOTHING;
INSERT INTO patients (id, full_name, cpf, email, phone, date_of_birth, zip_code, blood_type, height, created_at, updated_at) VALUES ('3b2b5bce-ec00-4ddd-9979-7bfdf6dde3a2', 'Tereza Moraes', '60110127005', 'tereza.moraes94@teste.eliahealth.com', '21170579040', '1997-05-12', '22790288', 'AB-', 168, NOW(), NOW()) ON CONFLICT (cpf) DO NOTHING;
INSERT INTO patients (id, full_name, cpf, email, phone, date_of_birth, zip_code, blood_type, height, created_at, updated_at) VALUES ('f2d6c87a-b06b-4842-9732-2b33b430be66', 'Veronica Amorim', '09913994103', 'veronica.amorim95@teste.eliahealth.com', '31871237916', '2003-09-12', '21610963', 'A+', 164, NOW(), NOW()) ON CONFLICT (cpf) DO NOTHING;
INSERT INTO patients (id, full_name, cpf, email, phone, date_of_birth, zip_code, blood_type, height, created_at, updated_at) VALUES ('75b73f44-2880-4a0a-9eac-e13415a07e21', 'Andreia Braz', '64457343185', 'andreia.braz96@teste.eliahealth.com', '22828005997', '1992-04-08', '20910232', 'A+', 165, NOW(), NOW()) ON CONFLICT (cpf) DO NOTHING;
INSERT INTO patients (id, full_name, cpf, email, phone, date_of_birth, zip_code, blood_type, height, created_at, updated_at) VALUES ('68096ada-7021-449c-8b34-d2ef6313bb1c', 'Catia Dutra', '88133320097', 'catia.dutra97@teste.eliahealth.com', '31246950063', '1993-10-22', '22790209', 'O+', 160, NOW(), NOW()) ON CONFLICT (cpf) DO NOTHING;
INSERT INTO patients (id, full_name, cpf, email, phone, date_of_birth, zip_code, blood_type, height, created_at, updated_at) VALUES ('28ac6f53-c7f9-4510-9b25-d59c6a548785', 'Dirce Taveira', '71544424596', 'dirce.taveira98@teste.eliahealth.com', '31782791592', '2002-05-04', '21710361', 'AB+', 153, NOW(), NOW()) ON CONFLICT (cpf) DO NOTHING;
INSERT INTO patients (id, full_name, cpf, email, phone, date_of_birth, zip_code, blood_type, height, created_at, updated_at) VALUES ('082c0cb2-58f1-4a88-8fd7-24dc4e5a41a0', 'Edilene Farias', '14768776232', 'edilene.farias99@teste.eliahealth.com', '21102073412', '1992-02-16', '20520347', 'AB-', 163, NOW(), NOW()) ON CONFLICT (cpf) DO NOTHING;
INSERT INTO patients (id, full_name, cpf, email, phone, date_of_birth, zip_code, blood_type, height, created_at, updated_at) VALUES ('795b7261-e032-434c-8a55-4f220a607905', 'Fabienne Bastos', '65474883254', 'fabienne.bastos100@teste.eliahealth.com', '21744786454', '1995-01-01', '21510631', 'B-', 158, NOW(), NOW()) ON CONFLICT (cpf) DO NOTHING;
INSERT INTO patients (id, full_name, cpf, email, phone, date_of_birth, zip_code, blood_type, height, created_at, updated_at) VALUES ('d533b26b-9a4e-4601-83f9-89f7140b0fe3', 'Gertrude Couto', '61445090482', 'gertrude.couto101@teste.eliahealth.com', '11572247767', '1994-09-16', '20910151', 'O+', 170, NOW(), NOW()) ON CONFLICT (cpf) DO NOTHING;
INSERT INTO patients (id, full_name, cpf, email, phone, date_of_birth, zip_code, blood_type, height, created_at, updated_at) VALUES ('c02c2ae8-f19d-4321-a34b-430cbf19bdab', 'Hortencia Serra', '55844454438', 'hortencia.serra102@teste.eliahealth.com', '21890058656', '2004-10-05', '21510084', 'O+', 153, NOW(), NOW()) ON CONFLICT (cpf) DO NOTHING;
INSERT INTO patients (id, full_name, cpf, email, phone, date_of_birth, zip_code, blood_type, height, created_at, updated_at) VALUES ('21567559-6eb8-428e-81e9-f6c3d94e0287', 'Iracema Vale', '54942840875', 'iracema.vale103@teste.eliahealth.com', '11419057114', '1990-09-05', '22210769', 'AB-', 163, NOW(), NOW()) ON CONFLICT (cpf) DO NOTHING;
INSERT INTO patients (id, full_name, cpf, email, phone, date_of_birth, zip_code, blood_type, height, created_at, updated_at) VALUES ('e6e93d25-894c-4960-9e32-ac4c15cf19a7', 'Josefa Luz', '98587911304', 'josefa.luz104@teste.eliahealth.com', '11931963361', '1989-01-10', '21710878', 'A-', 167, NOW(), NOW()) ON CONFLICT (cpf) DO NOTHING;
INSERT INTO patients (id, full_name, cpf, email, phone, date_of_birth, zip_code, blood_type, height, created_at, updated_at) VALUES ('ce96fa7e-7d7a-48bc-a97a-18e48a42d123', 'Keila Avila', '62226061049', 'keila.avila105@teste.eliahealth.com', '22494056919', '2004-12-08', '20510589', 'B-', 156, NOW(), NOW()) ON CONFLICT (cpf) DO NOTHING;
INSERT INTO patients (id, full_name, cpf, email, phone, date_of_birth, zip_code, blood_type, height, created_at, updated_at) VALUES ('136e70ec-319f-4f28-8d03-beb87aaaa206', 'Lucia Galvao', '98339678084', 'lucia.galvao106@teste.eliahealth.com', '22365504165', '1995-01-15', '24020639', 'A-', 170, NOW(), NOW()) ON CONFLICT (cpf) DO NOTHING;
INSERT INTO patients (id, full_name, cpf, email, phone, date_of_birth, zip_code, blood_type, height, created_at, updated_at) VALUES ('ee664ffd-9cf1-4179-8c7d-653d7ef1c85a', 'Madalena Saldanha', '65252221263', 'madalena.saldanha107@teste.eliahealth.com', '22141385633', '2001-03-19', '22620044', 'B-', 152, NOW(), NOW()) ON CONFLICT (cpf) DO NOTHING;
INSERT INTO patients (id, full_name, cpf, email, phone, date_of_birth, zip_code, blood_type, height, created_at, updated_at) VALUES ('a2b9b06f-ea1a-4686-b37f-0811980b7075', 'Nilza Cabral', '14552622736', 'nilza.cabral108@teste.eliahealth.com', '11385312602', '1999-07-02', '22450995', 'A+', 161, NOW(), NOW()) ON CONFLICT (cpf) DO NOTHING;
INSERT INTO patients (id, full_name, cpf, email, phone, date_of_birth, zip_code, blood_type, height, created_at, updated_at) VALUES ('ad06dc93-a8d2-4367-bd74-82800c3c23a7', 'Odila Viana', '21030450942', 'odila.viana109@teste.eliahealth.com', '21573564493', '2003-08-25', '20520202', 'A-', 170, NOW(), NOW()) ON CONFLICT (cpf) DO NOTHING;
INSERT INTO patients (id, full_name, cpf, email, phone, date_of_birth, zip_code, blood_type, height, created_at, updated_at) VALUES ('1d6d159f-0805-4c42-be7e-809ba281ba39', 'Perpetua Lago', '02247572014', 'perpetua.lago110@teste.eliahealth.com', '21966732753', '1992-05-08', '22041082', 'AB+', 162, NOW(), NOW()) ON CONFLICT (cpf) DO NOTHING;
INSERT INTO patients (id, full_name, cpf, email, phone, date_of_birth, zip_code, blood_type, height, created_at, updated_at) VALUES ('c98a4c8a-9b74-490d-a642-14ac562bd689', 'Raimunda Bento', '13703184414', 'raimunda.bento111@teste.eliahealth.com', '21261488769', '1994-11-21', '21310302', 'O-', 165, NOW(), NOW()) ON CONFLICT (cpf) DO NOTHING;
INSERT INTO patients (id, full_name, cpf, email, phone, date_of_birth, zip_code, blood_type, height, created_at, updated_at) VALUES ('14829caf-6621-44ac-9e28-ffa120376b79', 'Solange Marques', '62871625545', 'solange.marques112@teste.eliahealth.com', '21930123208', '1990-05-09', '22410781', 'B-', 170, NOW(), NOW()) ON CONFLICT (cpf) DO NOTHING;
INSERT INTO patients (id, full_name, cpf, email, phone, date_of_birth, zip_code, blood_type, height, created_at, updated_at) VALUES ('1f6bf0f8-d72b-4da5-b5a3-661ea3cc8839', 'Teresinha Lobo', '14349750618', 'teresinha.lobo113@teste.eliahealth.com', '31624308224', '1991-07-14', '21710383', 'A+', 169, NOW(), NOW()) ON CONFLICT (cpf) DO NOTHING;
INSERT INTO patients (id, full_name, cpf, email, phone, date_of_birth, zip_code, blood_type, height, created_at, updated_at) VALUES ('3e6f7f99-b98a-4775-b87d-0ad39b6a5c78', 'Vania Cruz', '37571686848', 'vania.cruz114@teste.eliahealth.com', '11751785110', '1989-05-02', '24020315', 'A-', 163, NOW(), NOW()) ON CONFLICT (cpf) DO NOTHING;
INSERT INTO patients (id, full_name, cpf, email, phone, date_of_birth, zip_code, blood_type, height, created_at, updated_at) VALUES ('b0a97e0f-55bd-4267-a22a-304b12f91a45', 'Wilma Florencio', '50120558519', 'wilma.florencio115@teste.eliahealth.com', '22995495589', '1986-03-25', '20910035', 'A-', 157, NOW(), NOW()) ON CONFLICT (cpf) DO NOTHING;
INSERT INTO patients (id, full_name, cpf, email, phone, date_of_birth, zip_code, blood_type, height, created_at, updated_at) VALUES ('260a5ffc-9fc7-486f-a20d-31def8b061e6', 'Zenaide Porto', '21229811148', 'zenaide.porto116@teste.eliahealth.com', '11669742103', '1989-08-10', '22790029', 'O-', 153, NOW(), NOW()) ON CONFLICT (cpf) DO NOTHING;
INSERT INTO patients (id, full_name, cpf, email, phone, date_of_birth, zip_code, blood_type, height, created_at, updated_at) VALUES ('6cadd540-d563-4d7c-9c53-b113333b20eb', 'Anita Carneiro', '51805076354', 'anita.carneiro117@teste.eliahealth.com', '31593927696', '1989-07-13', '23500788', 'B-', 174, NOW(), NOW()) ON CONFLICT (cpf) DO NOTHING;
INSERT INTO patients (id, full_name, cpf, email, phone, date_of_birth, zip_code, blood_type, height, created_at, updated_at) VALUES ('06d758b4-3c77-45a5-bd12-14a9f9f09f7a', 'Cleide Miranda', '94246741000', 'cleide.miranda118@teste.eliahealth.com', '21101464115', '1987-04-05', '20520490', 'AB-', 165, NOW(), NOW()) ON CONFLICT (cpf) DO NOTHING;
INSERT INTO patients (id, full_name, cpf, email, phone, date_of_birth, zip_code, blood_type, height, created_at, updated_at) VALUES ('4bacf576-02f8-4f33-a2cf-be2357d64d4e', 'Eloisa Trindade', '65287350086', 'eloisa.trindade119@teste.eliahealth.com', '22624281247', '1994-05-03', '21610889', 'O+', 152, NOW(), NOW()) ON CONFLICT (cpf) DO NOTHING;
INSERT INTO patients (id, full_name, cpf, email, phone, date_of_birth, zip_code, blood_type, height, created_at, updated_at) VALUES ('baaab7e0-872d-4f65-b898-d6458ccb25cb', 'Filomena Gomes', '56958402375', 'filomena.gomes120@teste.eliahealth.com', '21493027268', '1972-01-07', '21710134', 'O+', 162, NOW(), NOW()) ON CONFLICT (cpf) DO NOTHING;
INSERT INTO patients (id, full_name, cpf, email, phone, date_of_birth, zip_code, blood_type, height, created_at, updated_at) VALUES ('86d62465-cfc0-4c5d-bfea-58564eb2db30', 'Graziela Herrera', '48098937278', 'graziela.herrera121@teste.eliahealth.com', '31402532217', '1971-05-08', '21310775', 'O+', 162, NOW(), NOW()) ON CONFLICT (cpf) DO NOTHING;
INSERT INTO patients (id, full_name, cpf, email, phone, date_of_birth, zip_code, blood_type, height, created_at, updated_at) VALUES ('5784fd39-4f1f-4052-ac4f-44ba2e11da89', 'Ilma Santana', '09695348118', 'ilma.santana122@teste.eliahealth.com', '22592831110', '1981-01-21', '22450082', 'B+', 152, NOW(), NOW()) ON CONFLICT (cpf) DO NOTHING;
INSERT INTO patients (id, full_name, cpf, email, phone, date_of_birth, zip_code, blood_type, height, created_at, updated_at) VALUES ('a9c8c1d3-c64c-47e7-b6ff-41ff56b66cfd', 'Julieta Feitosa', '14002341055', 'julieta.feitosa123@teste.eliahealth.com', '21590285465', '1999-07-14', '22210787', 'AB-', 166, NOW(), NOW()) ON CONFLICT (cpf) DO NOTHING;
INSERT INTO patients (id, full_name, cpf, email, phone, date_of_birth, zip_code, blood_type, height, created_at, updated_at) VALUES ('2efe8f28-b24e-483c-afc9-5d06e10ac6e4', 'Leonor Chagas', '61017656143', 'leonor.chagas124@teste.eliahealth.com', '11903103222', '1974-12-10', '21610218', 'A+', 157, NOW(), NOW()) ON CONFLICT (cpf) DO NOTHING;
INSERT INTO patients (id, full_name, cpf, email, phone, date_of_birth, zip_code, blood_type, height, created_at, updated_at) VALUES ('941d493a-9c06-4e58-985a-cde19690ae2c', 'Magnolia Simoes', '36398075679', 'magnolia.simoes125@teste.eliahealth.com', '31713948672', '1998-03-20', '23500957', 'A+', 151, NOW(), NOW()) ON CONFLICT (cpf) DO NOTHING;
INSERT INTO patients (id, full_name, cpf, email, phone, date_of_birth, zip_code, blood_type, height, created_at, updated_at) VALUES ('2c5b6e74-f9ce-4e9a-a56a-a5dbe83f5011', 'Norma Rabelo', '88672881045', 'norma.rabelo126@teste.eliahealth.com', '31068976675', '1975-08-26', '24020010', 'AB+', 168, NOW(), NOW()) ON CONFLICT (cpf) DO NOTHING;
INSERT INTO patients (id, full_name, cpf, email, phone, date_of_birth, zip_code, blood_type, height, created_at, updated_at) VALUES ('b3ea0e6b-51aa-44ae-a2a4-f682de476201', 'Otilia Bandeira', '17783667471', 'otilia.bandeira127@teste.eliahealth.com', '22425173577', '1964-06-27', '24020229', 'AB-', 154, NOW(), NOW()) ON CONFLICT (cpf) DO NOTHING;
INSERT INTO patients (id, full_name, cpf, email, phone, date_of_birth, zip_code, blood_type, height, created_at, updated_at) VALUES ('8f9fdc90-0f18-4c25-acea-71c7c3abe9d6', 'Piedade Fontenelle', '53435283579', 'piedade.fontenelle128@teste.eliahealth.com', '22771251006', '1978-08-16', '21610272', 'AB-', 156, NOW(), NOW()) ON CONFLICT (cpf) DO NOTHING;
INSERT INTO patients (id, full_name, cpf, email, phone, date_of_birth, zip_code, blood_type, height, created_at, updated_at) VALUES ('0427a4ef-bbc9-42d9-9ef1-db1bd678ad9c', 'Quiteria Lucena', '15940904243', 'quiteria.lucena129@teste.eliahealth.com', '22387643261', '1965-12-02', '20520160', 'B+', 155, NOW(), NOW()) ON CONFLICT (cpf) DO NOTHING;
INSERT INTO patients (id, full_name, cpf, email, phone, date_of_birth, zip_code, blood_type, height, created_at, updated_at) VALUES ('ea815088-ea84-4360-8bd6-fb23468ead3d', 'Rosa Verissimo', '12375543009', 'rosa.verissimo130@teste.eliahealth.com', '31915925184', '1974-01-28', '20510187', 'AB-', 174, NOW(), NOW()) ON CONFLICT (cpf) DO NOTHING;
INSERT INTO patients (id, full_name, cpf, email, phone, date_of_birth, zip_code, blood_type, height, created_at, updated_at) VALUES ('d164a34f-c9d9-4315-81af-8dcafaa2a85e', 'Sueli Castilho', '36958980304', 'sueli.castilho131@teste.eliahealth.com', '11478025524', '1992-12-12', '22430716', 'O+', 150, NOW(), NOW()) ON CONFLICT (cpf) DO NOTHING;
INSERT INTO patients (id, full_name, cpf, email, phone, date_of_birth, zip_code, blood_type, height, created_at, updated_at) VALUES ('c89a106e-420d-415b-94f9-586f38c2e9ff', 'Tania Branco', '13893340765', 'tania.branco132@teste.eliahealth.com', '21161568462', '1966-02-05', '24020799', 'AB-', 157, NOW(), NOW()) ON CONFLICT (cpf) DO NOTHING;
INSERT INTO patients (id, full_name, cpf, email, phone, date_of_birth, zip_code, blood_type, height, created_at, updated_at) VALUES ('728183ff-c29b-489b-9719-5aa5305a9106', 'Ursulina Fagundes', '39128052204', 'ursulina.fagundes133@teste.eliahealth.com', '21871371667', '1965-07-14', '21710553', 'A-', 157, NOW(), NOW()) ON CONFLICT (cpf) DO NOTHING;
INSERT INTO patients (id, full_name, cpf, email, phone, date_of_birth, zip_code, blood_type, height, created_at, updated_at) VALUES ('3a5b7fb2-c34c-4fdc-b6e1-8ce4363916bc', 'Waleska Quirino', '85527542992', 'waleska.quirino134@teste.eliahealth.com', '21618489628', '1971-08-24', '22450951', 'A-', 161, NOW(), NOW()) ON CONFLICT (cpf) DO NOTHING;
INSERT INTO patients (id, full_name, cpf, email, phone, date_of_birth, zip_code, blood_type, height, created_at, updated_at) VALUES ('1ad34cc0-f894-4b19-b15b-ea719519250c', 'Ana Carolina', '76562676984', 'ana.carolina135@teste.eliahealth.com', '21427784166', '1974-06-09', '22790391', 'O-', 165, NOW(), NOW()) ON CONFLICT (cpf) DO NOTHING;
INSERT INTO patients (id, full_name, cpf, email, phone, date_of_birth, zip_code, blood_type, height, created_at, updated_at) VALUES ('8c2e8f0a-f19c-4dbd-bd3a-02fe31b44b06', 'Beatriz Oliveira', '75228416366', 'beatriz.oliveira136@teste.eliahealth.com', '22950749053', '1985-06-08', '21510627', 'B+', 158, NOW(), NOW()) ON CONFLICT (cpf) DO NOTHING;
INSERT INTO patients (id, full_name, cpf, email, phone, date_of_birth, zip_code, blood_type, height, created_at, updated_at) VALUES ('89cf16f0-2e13-43d3-a59f-5ce98df55232', 'Camila Santos', '76161567867', 'camila.santos137@teste.eliahealth.com', '11361841245', '1995-04-21', '22210323', 'B+', 163, NOW(), NOW()) ON CONFLICT (cpf) DO NOTHING;
INSERT INTO patients (id, full_name, cpf, email, phone, date_of_birth, zip_code, blood_type, height, created_at, updated_at) VALUES ('4b05d690-4477-4202-9446-a4e4972b4311', 'Daniela Ferreira', '72446156681', 'daniela.ferreira138@teste.eliahealth.com', '21238273471', '1968-07-28', '22410448', 'A-', 153, NOW(), NOW()) ON CONFLICT (cpf) DO NOTHING;
INSERT INTO patients (id, full_name, cpf, email, phone, date_of_birth, zip_code, blood_type, height, created_at, updated_at) VALUES ('baa7a471-d749-4cdb-a6c6-20baab832efb', 'Eduarda Lima', '00252558428', 'eduarda.lima139@teste.eliahealth.com', '21218458325', '1970-07-02', '22041137', 'A-', 166, NOW(), NOW()) ON CONFLICT (cpf) DO NOTHING;
INSERT INTO pregnancies (id, patient_id, lmp_date, edd, ga_method, status, is_high_risk, high_risk_flags, gravida, para, abortus, created_at, updated_at) VALUES ('1feb72a7-dd30-4817-9ec0-15e2bc82ff94', '11eb4827-be43-4f94-bd5f-397e3de368f4', '2025-08-17', '2026-05-24', 'lmp', 'active', false, '{}', 1, 0, 0, NOW(), NOW()) ON CONFLICT DO NOTHING;
INSERT INTO consultations (id, pregnancy_id, date, gestational_age_days, weight_kg, bp_systolic, bp_diastolic, fetal_heart_rate, fundal_height_cm, created_at, updated_at) VALUES ('85db4a4e-c67f-4c63-8dd2-7d11c69248cc', '1feb72a7-dd30-4817-9ec0-15e2bc82ff94', '2025-11-09', 84, 56.0, 121, 75, 145, 12, NOW(), NOW()) ON CONFLICT DO NOTHING;
INSERT INTO consultations (id, pregnancy_id, date, gestational_age_days, weight_kg, bp_systolic, bp_diastolic, fetal_heart_rate, fundal_height_cm, created_at, updated_at) VALUES ('c5707847-7a3a-40e7-bd55-976c110eed94', '1feb72a7-dd30-4817-9ec0-15e2bc82ff94', '2025-12-07', 112, 78.5, 110, 63, 151, 16, NOW(), NOW()) ON CONFLICT DO NOTHING;
INSERT INTO consultations (id, pregnancy_id, date, gestational_age_days, weight_kg, bp_systolic, bp_diastolic, fetal_heart_rate, fundal_height_cm, created_at, updated_at) VALUES ('a2c43b27-fa3d-4e7c-aec0-aec0ba5eed93', '1feb72a7-dd30-4817-9ec0-15e2bc82ff94', '2026-01-04', 140, 61.0, 128, 64, 121, 20, NOW(), NOW()) ON CONFLICT DO NOTHING;
INSERT INTO consultations (id, pregnancy_id, date, gestational_age_days, weight_kg, bp_systolic, bp_diastolic, fetal_heart_rate, fundal_height_cm, created_at, updated_at) VALUES ('71b3c1f9-d5f6-4064-ab32-db320e2c0c63', '1feb72a7-dd30-4817-9ec0-15e2bc82ff94', '2026-02-01', 168, 66.5, 119, 62, 141, 24, NOW(), NOW()) ON CONFLICT DO NOTHING;
INSERT INTO consultations (id, pregnancy_id, date, gestational_age_days, weight_kg, bp_systolic, bp_diastolic, fetal_heart_rate, fundal_height_cm, created_at, updated_at) VALUES ('e42bf7b2-b13d-40c6-b1f9-7f234bf473e8', '1feb72a7-dd30-4817-9ec0-15e2bc82ff94', '2026-03-01', 196, 68.0, 124, 64, 151, 28, NOW(), NOW()) ON CONFLICT DO NOTHING;
INSERT INTO pregnancies (id, patient_id, lmp_date, edd, ga_method, status, is_high_risk, high_risk_flags, gravida, para, abortus, created_at, updated_at) VALUES ('f59f313a-7555-44de-b95d-726fcdbea161', '0d28f8fa-07bf-4710-add8-98a199cae269', '2025-09-28', '2026-07-05', 'lmp', 'active', false, '{}', 2, 0, 0, NOW(), NOW()) ON CONFLICT DO NOTHING;
INSERT INTO consultations (id, pregnancy_id, date, gestational_age_days, weight_kg, bp_systolic, bp_diastolic, fetal_heart_rate, fundal_height_cm, created_at, updated_at) VALUES ('a71e34b2-84c9-4e2e-bc5d-9fdfe6a8fbcb', 'f59f313a-7555-44de-b95d-726fcdbea161', '2025-12-21', 84, 63.0, 110, 68, 120, 12, NOW(), NOW()) ON CONFLICT DO NOTHING;
INSERT INTO consultations (id, pregnancy_id, date, gestational_age_days, weight_kg, bp_systolic, bp_diastolic, fetal_heart_rate, fundal_height_cm, created_at, updated_at) VALUES ('271ab824-315a-479c-9ead-92cbd1491bd6', 'f59f313a-7555-44de-b95d-726fcdbea161', '2026-01-18', 112, 68.5, 129, 64, 146, 16, NOW(), NOW()) ON CONFLICT DO NOTHING;
INSERT INTO pregnancies (id, patient_id, lmp_date, edd, ga_method, status, is_high_risk, high_risk_flags, gravida, para, abortus, created_at, updated_at) VALUES ('2e08918e-a5aa-4955-adc4-d75cb34945c5', 'd649af76-9cbc-46af-ae88-9c68566e8682', '2025-09-07', '2026-06-14', 'lmp', 'active', false, '{}', 3, 0, 0, NOW(), NOW()) ON CONFLICT DO NOTHING;
INSERT INTO consultations (id, pregnancy_id, date, gestational_age_days, weight_kg, bp_systolic, bp_diastolic, fetal_heart_rate, fundal_height_cm, created_at, updated_at) VALUES ('a6019358-315f-4535-a344-3e8cff01a89e', '2e08918e-a5aa-4955-adc4-d75cb34945c5', '2025-11-30', 84, 74.0, 127, 61, 145, 12, NOW(), NOW()) ON CONFLICT DO NOTHING;
INSERT INTO consultations (id, pregnancy_id, date, gestational_age_days, weight_kg, bp_systolic, bp_diastolic, fetal_heart_rate, fundal_height_cm, created_at, updated_at) VALUES ('6ca0ea82-6d2f-401f-ba16-cef5876c36f4', '2e08918e-a5aa-4955-adc4-d75cb34945c5', '2025-12-28', 112, 64.5, 115, 71, 137, 16, NOW(), NOW()) ON CONFLICT DO NOTHING;
INSERT INTO consultations (id, pregnancy_id, date, gestational_age_days, weight_kg, bp_systolic, bp_diastolic, fetal_heart_rate, fundal_height_cm, created_at, updated_at) VALUES ('784a2851-4b0c-4e7b-9679-5a6384c9414c', '2e08918e-a5aa-4955-adc4-d75cb34945c5', '2026-01-25', 140, 71.0, 128, 66, 155, 20, NOW(), NOW()) ON CONFLICT DO NOTHING;
INSERT INTO consultations (id, pregnancy_id, date, gestational_age_days, weight_kg, bp_systolic, bp_diastolic, fetal_heart_rate, fundal_height_cm, created_at, updated_at) VALUES ('54d7d9c6-86a7-40fb-b122-440c3d95ba85', '2e08918e-a5aa-4955-adc4-d75cb34945c5', '2026-02-22', 168, 76.5, 115, 69, 130, 24, NOW(), NOW()) ON CONFLICT DO NOTHING;
INSERT INTO consultations (id, pregnancy_id, date, gestational_age_days, weight_kg, bp_systolic, bp_diastolic, fetal_heart_rate, fundal_height_cm, created_at, updated_at) VALUES ('d810cb1a-2c3d-4437-af4f-38e8eb62624c', '2e08918e-a5aa-4955-adc4-d75cb34945c5', '2026-03-22', 196, 68.0, 126, 74, 140, 28, NOW(), NOW()) ON CONFLICT DO NOTHING;
INSERT INTO pregnancies (id, patient_id, lmp_date, edd, ga_method, status, is_high_risk, high_risk_flags, gravida, para, abortus, created_at, updated_at) VALUES ('cb8635e9-1297-485c-a83f-a3fabee368b1', '67997df2-8f25-4ef4-be53-793f56e4f0aa', '2025-11-23', '2026-08-30', 'lmp', 'active', false, '{}', 2, 0, 0, NOW(), NOW()) ON CONFLICT DO NOTHING;
INSERT INTO consultations (id, pregnancy_id, date, gestational_age_days, weight_kg, bp_systolic, bp_diastolic, fetal_heart_rate, fundal_height_cm, created_at, updated_at) VALUES ('b5a1d92a-f8aa-459f-ba1d-cc965041b651', 'cb8635e9-1297-485c-a83f-a3fabee368b1', '2026-02-15', 84, 73.0, 113, 65, 140, 12, NOW(), NOW()) ON CONFLICT DO NOTHING;
INSERT INTO consultations (id, pregnancy_id, date, gestational_age_days, weight_kg, bp_systolic, bp_diastolic, fetal_heart_rate, fundal_height_cm, created_at, updated_at) VALUES ('da749683-b75b-4359-a561-4d94a3df7766', 'cb8635e9-1297-485c-a83f-a3fabee368b1', '2026-03-15', 112, 71.5, 125, 74, 136, 16, NOW(), NOW()) ON CONFLICT DO NOTHING;
INSERT INTO consultations (id, pregnancy_id, date, gestational_age_days, weight_kg, bp_systolic, bp_diastolic, fetal_heart_rate, fundal_height_cm, created_at, updated_at) VALUES ('8da6507b-a9da-4183-beba-853177fed0be', 'cb8635e9-1297-485c-a83f-a3fabee368b1', '2026-04-12', 140, 66.0, 111, 71, 157, 20, NOW(), NOW()) ON CONFLICT DO NOTHING;
INSERT INTO pregnancies (id, patient_id, lmp_date, edd, ga_method, status, is_high_risk, high_risk_flags, gravida, para, abortus, created_at, updated_at) VALUES ('b52a04ea-eb04-4c6f-bc09-48d99379496a', '8956d225-4d58-4c0c-8c3e-a023ffbc75b3', '2025-11-09', '2026-08-16', 'lmp', 'active', false, '{}', 2, 0, 0, NOW(), NOW()) ON CONFLICT DO NOTHING;
INSERT INTO consultations (id, pregnancy_id, date, gestational_age_days, weight_kg, bp_systolic, bp_diastolic, fetal_heart_rate, fundal_height_cm, created_at, updated_at) VALUES ('e9fb04b5-c423-4ecb-aa65-c60986db2b9d', 'b52a04ea-eb04-4c6f-bc09-48d99379496a', '2026-02-01', 84, 70.0, 126, 79, 155, 12, NOW(), NOW()) ON CONFLICT DO NOTHING;
INSERT INTO consultations (id, pregnancy_id, date, gestational_age_days, weight_kg, bp_systolic, bp_diastolic, fetal_heart_rate, fundal_height_cm, created_at, updated_at) VALUES ('a128ddc2-3faf-4e91-aa56-9f6c15380f91', 'b52a04ea-eb04-4c6f-bc09-48d99379496a', '2026-03-01', 112, 68.5, 128, 64, 146, 16, NOW(), NOW()) ON CONFLICT DO NOTHING;
INSERT INTO consultations (id, pregnancy_id, date, gestational_age_days, weight_kg, bp_systolic, bp_diastolic, fetal_heart_rate, fundal_height_cm, created_at, updated_at) VALUES ('92e15a8c-a944-42ac-b010-ac69cf835cfa', 'b52a04ea-eb04-4c6f-bc09-48d99379496a', '2026-03-29', 140, 65.0, 119, 60, 122, 20, NOW(), NOW()) ON CONFLICT DO NOTHING;
INSERT INTO consultations (id, pregnancy_id, date, gestational_age_days, weight_kg, bp_systolic, bp_diastolic, fetal_heart_rate, fundal_height_cm, created_at, updated_at) VALUES ('325e5940-c232-4bfc-b44c-8651b5cce7fe', 'b52a04ea-eb04-4c6f-bc09-48d99379496a', '2026-04-26', 168, 80.5, 125, 71, 145, 24, NOW(), NOW()) ON CONFLICT DO NOTHING;
INSERT INTO pregnancies (id, patient_id, lmp_date, edd, ga_method, status, is_high_risk, high_risk_flags, gravida, para, abortus, created_at, updated_at) VALUES ('88641ad6-b6fe-47b1-9ef4-0f64e05df99d', '36368e63-c58f-4c97-8387-8876baffd817', '2025-08-31', '2026-06-07', 'lmp', 'active', false, '{}', 3, 0, 0, NOW(), NOW()) ON CONFLICT DO NOTHING;
INSERT INTO consultations (id, pregnancy_id, date, gestational_age_days, weight_kg, bp_systolic, bp_diastolic, fetal_heart_rate, fundal_height_cm, created_at, updated_at) VALUES ('3d09855a-f9b1-43b0-94d4-7d9f791904f7', '88641ad6-b6fe-47b1-9ef4-0f64e05df99d', '2025-11-23', 84, 75.0, 128, 75, 157, 12, NOW(), NOW()) ON CONFLICT DO NOTHING;
INSERT INTO consultations (id, pregnancy_id, date, gestational_age_days, weight_kg, bp_systolic, bp_diastolic, fetal_heart_rate, fundal_height_cm, created_at, updated_at) VALUES ('fd291a3d-48fd-4854-a40c-4a5d9dbf457c', '88641ad6-b6fe-47b1-9ef4-0f64e05df99d', '2025-12-21', 112, 79.5, 117, 68, 151, 16, NOW(), NOW()) ON CONFLICT DO NOTHING;
INSERT INTO pregnancies (id, patient_id, lmp_date, edd, ga_method, status, is_high_risk, high_risk_flags, gravida, para, abortus, created_at, updated_at) VALUES ('b659843b-a30c-48ce-988f-7336616b4e8c', 'bad253b1-4cbe-4f8e-9700-ab7e63033b21', '2025-08-24', '2026-05-31', 'lmp', 'active', false, '{}', 3, 0, 0, NOW(), NOW()) ON CONFLICT DO NOTHING;
INSERT INTO consultations (id, pregnancy_id, date, gestational_age_days, weight_kg, bp_systolic, bp_diastolic, fetal_heart_rate, fundal_height_cm, created_at, updated_at) VALUES ('8600cc31-f0c4-4acc-aa41-9cf7a1a93817', 'b659843b-a30c-48ce-988f-7336616b4e8c', '2025-11-16', 84, 63.0, 123, 75, 151, 12, NOW(), NOW()) ON CONFLICT DO NOTHING;
INSERT INTO consultations (id, pregnancy_id, date, gestational_age_days, weight_kg, bp_systolic, bp_diastolic, fetal_heart_rate, fundal_height_cm, created_at, updated_at) VALUES ('ff9e915c-5980-45b9-8f9e-a9d4a5bc6f4b', 'b659843b-a30c-48ce-988f-7336616b4e8c', '2025-12-14', 112, 76.5, 110, 72, 120, 16, NOW(), NOW()) ON CONFLICT DO NOTHING;
INSERT INTO consultations (id, pregnancy_id, date, gestational_age_days, weight_kg, bp_systolic, bp_diastolic, fetal_heart_rate, fundal_height_cm, created_at, updated_at) VALUES ('f4c02aad-0de2-438c-96d7-68abc3878270', 'b659843b-a30c-48ce-988f-7336616b4e8c', '2026-01-11', 140, 59.0, 116, 70, 133, 20, NOW(), NOW()) ON CONFLICT DO NOTHING;
INSERT INTO pregnancies (id, patient_id, lmp_date, edd, ga_method, status, is_high_risk, high_risk_flags, gravida, para, abortus, created_at, updated_at) VALUES ('b07ee6d8-c465-4857-af5a-8c44582a1b02', 'd5116ab2-eecf-46e3-a64e-11701ddcdb11', '2025-10-26', '2026-08-02', 'lmp', 'active', false, '{}', 3, 0, 0, NOW(), NOW()) ON CONFLICT DO NOTHING;
INSERT INTO consultations (id, pregnancy_id, date, gestational_age_days, weight_kg, bp_systolic, bp_diastolic, fetal_heart_rate, fundal_height_cm, created_at, updated_at) VALUES ('cb464717-0deb-4a18-b7ab-0c2778b8baa8', 'b07ee6d8-c465-4857-af5a-8c44582a1b02', '2026-01-18', 84, 74.0, 125, 61, 131, 12, NOW(), NOW()) ON CONFLICT DO NOTHING;
INSERT INTO consultations (id, pregnancy_id, date, gestational_age_days, weight_kg, bp_systolic, bp_diastolic, fetal_heart_rate, fundal_height_cm, created_at, updated_at) VALUES ('e758b7f9-607e-487f-a131-9fd8cb6af8b1', 'b07ee6d8-c465-4857-af5a-8c44582a1b02', '2026-02-15', 112, 75.5, 122, 73, 151, 16, NOW(), NOW()) ON CONFLICT DO NOTHING;
INSERT INTO consultations (id, pregnancy_id, date, gestational_age_days, weight_kg, bp_systolic, bp_diastolic, fetal_heart_rate, fundal_height_cm, created_at, updated_at) VALUES ('ac0a3008-2026-498b-a4d8-ba97db8162cc', 'b07ee6d8-c465-4857-af5a-8c44582a1b02', '2026-03-15', 140, 74.0, 119, 60, 135, 20, NOW(), NOW()) ON CONFLICT DO NOTHING;
INSERT INTO pregnancies (id, patient_id, lmp_date, edd, ga_method, status, is_high_risk, high_risk_flags, gravida, para, abortus, created_at, updated_at) VALUES ('d68fe97f-ca3f-41ae-81c8-759e45c7dbd3', 'a8d1f5c5-a9ec-4c93-afaf-5103d682190c', '2025-10-12', '2026-07-19', 'lmp', 'active', false, '{}', 1, 0, 0, NOW(), NOW()) ON CONFLICT DO NOTHING;
INSERT INTO consultations (id, pregnancy_id, date, gestational_age_days, weight_kg, bp_systolic, bp_diastolic, fetal_heart_rate, fundal_height_cm, created_at, updated_at) VALUES ('8e81dec3-a3ce-4676-b63c-9c98697408b9', 'd68fe97f-ca3f-41ae-81c8-759e45c7dbd3', '2026-01-04', 84, 63.0, 113, 68, 137, 12, NOW(), NOW()) ON CONFLICT DO NOTHING;
INSERT INTO consultations (id, pregnancy_id, date, gestational_age_days, weight_kg, bp_systolic, bp_diastolic, fetal_heart_rate, fundal_height_cm, created_at, updated_at) VALUES ('f15fa973-7253-4e93-9fbc-1ced87d3c585', 'd68fe97f-ca3f-41ae-81c8-759e45c7dbd3', '2026-02-01', 112, 68.5, 111, 77, 152, 16, NOW(), NOW()) ON CONFLICT DO NOTHING;
INSERT INTO consultations (id, pregnancy_id, date, gestational_age_days, weight_kg, bp_systolic, bp_diastolic, fetal_heart_rate, fundal_height_cm, created_at, updated_at) VALUES ('5b227a80-b7d2-428b-8c01-d3a2dccca70e', 'd68fe97f-ca3f-41ae-81c8-759e45c7dbd3', '2026-03-01', 140, 65.0, 119, 79, 148, 20, NOW(), NOW()) ON CONFLICT DO NOTHING;
INSERT INTO pregnancies (id, patient_id, lmp_date, edd, ga_method, status, is_high_risk, high_risk_flags, gravida, para, abortus, created_at, updated_at) VALUES ('26a7a26c-0ab7-45b4-99d5-f6095418516e', '85918ca5-bb84-4adb-8f56-7d68ab82f988', '2025-11-09', '2026-08-16', 'lmp', 'active', false, '{}', 1, 0, 0, NOW(), NOW()) ON CONFLICT DO NOTHING;
INSERT INTO consultations (id, pregnancy_id, date, gestational_age_days, weight_kg, bp_systolic, bp_diastolic, fetal_heart_rate, fundal_height_cm, created_at, updated_at) VALUES ('3ccfc992-cd93-4b9d-9a39-729222caf040', '26a7a26c-0ab7-45b4-99d5-f6095418516e', '2026-02-01', 84, 64.0, 120, 69, 153, 12, NOW(), NOW()) ON CONFLICT DO NOTHING;
INSERT INTO consultations (id, pregnancy_id, date, gestational_age_days, weight_kg, bp_systolic, bp_diastolic, fetal_heart_rate, fundal_height_cm, created_at, updated_at) VALUES ('23bb1c15-dd00-44b3-8148-16888f1dd03c', '26a7a26c-0ab7-45b4-99d5-f6095418516e', '2026-03-01', 112, 76.5, 124, 74, 141, 16, NOW(), NOW()) ON CONFLICT DO NOTHING;
INSERT INTO consultations (id, pregnancy_id, date, gestational_age_days, weight_kg, bp_systolic, bp_diastolic, fetal_heart_rate, fundal_height_cm, created_at, updated_at) VALUES ('fedefc6c-d4b6-4b90-8ee8-a811fe89a084', '26a7a26c-0ab7-45b4-99d5-f6095418516e', '2026-03-29', 140, 71.0, 117, 68, 157, 20, NOW(), NOW()) ON CONFLICT DO NOTHING;
INSERT INTO consultations (id, pregnancy_id, date, gestational_age_days, weight_kg, bp_systolic, bp_diastolic, fetal_heart_rate, fundal_height_cm, created_at, updated_at) VALUES ('e1ddb2e8-78a4-4e14-bd1a-067d35416c27', '26a7a26c-0ab7-45b4-99d5-f6095418516e', '2026-04-26', 168, 60.5, 120, 65, 139, 24, NOW(), NOW()) ON CONFLICT DO NOTHING;
INSERT INTO consultations (id, pregnancy_id, date, gestational_age_days, weight_kg, bp_systolic, bp_diastolic, fetal_heart_rate, fundal_height_cm, created_at, updated_at) VALUES ('777b8520-8e04-4f8c-9c72-e13354f127d6', '26a7a26c-0ab7-45b4-99d5-f6095418516e', '2026-05-24', 196, 68.0, 120, 63, 147, 28, NOW(), NOW()) ON CONFLICT DO NOTHING;
INSERT INTO pregnancies (id, patient_id, lmp_date, edd, ga_method, status, is_high_risk, high_risk_flags, gravida, para, abortus, created_at, updated_at) VALUES ('2394a5b0-94fc-4edd-a3f0-93a624b9ac7a', '5d3ffde3-7cbc-4d76-b27f-14e2bfe9948a', '2025-09-14', '2026-06-21', 'lmp', 'active', false, '{}', 2, 0, 0, NOW(), NOW()) ON CONFLICT DO NOTHING;
INSERT INTO consultations (id, pregnancy_id, date, gestational_age_days, weight_kg, bp_systolic, bp_diastolic, fetal_heart_rate, fundal_height_cm, created_at, updated_at) VALUES ('87e2b2b8-b67d-46b2-afa6-f76604259dd2', '2394a5b0-94fc-4edd-a3f0-93a624b9ac7a', '2025-12-07', 84, 62.0, 112, 67, 124, 12, NOW(), NOW()) ON CONFLICT DO NOTHING;
INSERT INTO consultations (id, pregnancy_id, date, gestational_age_days, weight_kg, bp_systolic, bp_diastolic, fetal_heart_rate, fundal_height_cm, created_at, updated_at) VALUES ('c4e8a742-91af-4ff3-9e88-d016d3d2b035', '2394a5b0-94fc-4edd-a3f0-93a624b9ac7a', '2026-01-04', 112, 61.5, 128, 72, 135, 16, NOW(), NOW()) ON CONFLICT DO NOTHING;
INSERT INTO pregnancies (id, patient_id, lmp_date, edd, ga_method, status, is_high_risk, high_risk_flags, gravida, para, abortus, created_at, updated_at) VALUES ('9b807c67-ec1d-4a00-94d9-a59fba73b988', 'a6c70d30-f22a-4f47-a3cd-32c416e06c5b', '2025-11-16', '2026-08-23', 'lmp', 'active', false, '{}', 1, 1, 0, NOW(), NOW()) ON CONFLICT DO NOTHING;
INSERT INTO consultations (id, pregnancy_id, date, gestational_age_days, weight_kg, bp_systolic, bp_diastolic, fetal_heart_rate, fundal_height_cm, created_at, updated_at) VALUES ('c4051723-7761-454a-8654-0623ef6203f0', '9b807c67-ec1d-4a00-94d9-a59fba73b988', '2026-02-08', 84, 71.0, 120, 70, 147, 12, NOW(), NOW()) ON CONFLICT DO NOTHING;
INSERT INTO consultations (id, pregnancy_id, date, gestational_age_days, weight_kg, bp_systolic, bp_diastolic, fetal_heart_rate, fundal_height_cm, created_at, updated_at) VALUES ('ea5a934c-2158-4cf2-9678-51babe7a3022', '9b807c67-ec1d-4a00-94d9-a59fba73b988', '2026-03-08', 112, 57.5, 125, 78, 157, 16, NOW(), NOW()) ON CONFLICT DO NOTHING;
INSERT INTO pregnancies (id, patient_id, lmp_date, edd, ga_method, status, is_high_risk, high_risk_flags, gravida, para, abortus, created_at, updated_at) VALUES ('af5f1f57-d8ba-463b-85d5-7c7cf1fbd0b6', '0afc3bd6-dbeb-4b24-bd06-2fc97f285e34', '2025-10-26', '2026-08-02', 'lmp', 'active', false, '{}', 1, 1, 0, NOW(), NOW()) ON CONFLICT DO NOTHING;
INSERT INTO consultations (id, pregnancy_id, date, gestational_age_days, weight_kg, bp_systolic, bp_diastolic, fetal_heart_rate, fundal_height_cm, created_at, updated_at) VALUES ('4ce2278a-218e-4e4d-896d-e809060f47f2', 'af5f1f57-d8ba-463b-85d5-7c7cf1fbd0b6', '2026-01-18', 84, 77.0, 124, 77, 154, 12, NOW(), NOW()) ON CONFLICT DO NOTHING;
INSERT INTO consultations (id, pregnancy_id, date, gestational_age_days, weight_kg, bp_systolic, bp_diastolic, fetal_heart_rate, fundal_height_cm, created_at, updated_at) VALUES ('a2522efb-a29c-4e53-bc2c-4c8c2d77251b', 'af5f1f57-d8ba-463b-85d5-7c7cf1fbd0b6', '2026-02-15', 112, 64.5, 127, 61, 135, 16, NOW(), NOW()) ON CONFLICT DO NOTHING;
INSERT INTO consultations (id, pregnancy_id, date, gestational_age_days, weight_kg, bp_systolic, bp_diastolic, fetal_heart_rate, fundal_height_cm, created_at, updated_at) VALUES ('afc5ab1a-760f-4e78-aae0-d360a6e0a6cf', 'af5f1f57-d8ba-463b-85d5-7c7cf1fbd0b6', '2026-03-15', 140, 72.0, 126, 64, 128, 20, NOW(), NOW()) ON CONFLICT DO NOTHING;
INSERT INTO consultations (id, pregnancy_id, date, gestational_age_days, weight_kg, bp_systolic, bp_diastolic, fetal_heart_rate, fundal_height_cm, created_at, updated_at) VALUES ('477cc6b6-f6d2-4cea-8ec9-497b24c40baf', 'af5f1f57-d8ba-463b-85d5-7c7cf1fbd0b6', '2026-04-12', 168, 79.5, 123, 66, 128, 24, NOW(), NOW()) ON CONFLICT DO NOTHING;
INSERT INTO consultations (id, pregnancy_id, date, gestational_age_days, weight_kg, bp_systolic, bp_diastolic, fetal_heart_rate, fundal_height_cm, created_at, updated_at) VALUES ('c98bc990-b341-41ba-a3e2-58cdd3d9e7c7', 'af5f1f57-d8ba-463b-85d5-7c7cf1fbd0b6', '2026-05-10', 196, 85.0, 114, 60, 158, 28, NOW(), NOW()) ON CONFLICT DO NOTHING;
INSERT INTO pregnancies (id, patient_id, lmp_date, edd, ga_method, status, is_high_risk, high_risk_flags, gravida, para, abortus, created_at, updated_at) VALUES ('49da6df8-4456-4a20-bfa8-9df963b1eb6a', '0220932a-5180-4fb4-815a-14d9fcead39a', '2025-09-21', '2026-06-28', 'lmp', 'active', false, '{}', 1, 1, 0, NOW(), NOW()) ON CONFLICT DO NOTHING;
INSERT INTO consultations (id, pregnancy_id, date, gestational_age_days, weight_kg, bp_systolic, bp_diastolic, fetal_heart_rate, fundal_height_cm, created_at, updated_at) VALUES ('01411231-1a9c-408c-a5fa-f9e22332e7f0', '49da6df8-4456-4a20-bfa8-9df963b1eb6a', '2025-12-14', 84, 76.0, 127, 70, 128, 12, NOW(), NOW()) ON CONFLICT DO NOTHING;
INSERT INTO consultations (id, pregnancy_id, date, gestational_age_days, weight_kg, bp_systolic, bp_diastolic, fetal_heart_rate, fundal_height_cm, created_at, updated_at) VALUES ('7cd8ea47-9d7c-4e55-9cf0-f5810b949afb', '49da6df8-4456-4a20-bfa8-9df963b1eb6a', '2026-01-11', 112, 69.5, 125, 69, 120, 16, NOW(), NOW()) ON CONFLICT DO NOTHING;
INSERT INTO consultations (id, pregnancy_id, date, gestational_age_days, weight_kg, bp_systolic, bp_diastolic, fetal_heart_rate, fundal_height_cm, created_at, updated_at) VALUES ('a57ad4c9-0121-47bb-9213-126096dad551', '49da6df8-4456-4a20-bfa8-9df963b1eb6a', '2026-02-08', 140, 60.0, 115, 77, 146, 20, NOW(), NOW()) ON CONFLICT DO NOTHING;
INSERT INTO pregnancies (id, patient_id, lmp_date, edd, ga_method, status, is_high_risk, high_risk_flags, gravida, para, abortus, created_at, updated_at) VALUES ('f043f455-91ca-4287-89f3-a4057d584b0e', '2f3d0666-8075-424a-94c4-26b195d89634', '2025-11-16', '2026-08-23', 'lmp', 'active', false, '{}', 2, 1, 0, NOW(), NOW()) ON CONFLICT DO NOTHING;
INSERT INTO consultations (id, pregnancy_id, date, gestational_age_days, weight_kg, bp_systolic, bp_diastolic, fetal_heart_rate, fundal_height_cm, created_at, updated_at) VALUES ('003d3263-ddd2-4b6c-a426-ec6bab980086', 'f043f455-91ca-4287-89f3-a4057d584b0e', '2026-02-08', 84, 59.0, 128, 77, 158, 12, NOW(), NOW()) ON CONFLICT DO NOTHING;
INSERT INTO consultations (id, pregnancy_id, date, gestational_age_days, weight_kg, bp_systolic, bp_diastolic, fetal_heart_rate, fundal_height_cm, created_at, updated_at) VALUES ('d5d36538-66ff-4758-9f2b-09a7d98e7f1b', 'f043f455-91ca-4287-89f3-a4057d584b0e', '2026-03-08', 112, 67.5, 128, 60, 140, 16, NOW(), NOW()) ON CONFLICT DO NOTHING;
INSERT INTO pregnancies (id, patient_id, lmp_date, edd, ga_method, status, is_high_risk, high_risk_flags, gravida, para, abortus, created_at, updated_at) VALUES ('ec136620-31a7-4965-aeea-bfe469db2df6', '78fb4b0f-0112-4bbc-ae27-392f82f65b87', '2025-09-28', '2026-07-05', 'lmp', 'active', false, '{}', 3, 1, 0, NOW(), NOW()) ON CONFLICT DO NOTHING;
INSERT INTO consultations (id, pregnancy_id, date, gestational_age_days, weight_kg, bp_systolic, bp_diastolic, fetal_heart_rate, fundal_height_cm, created_at, updated_at) VALUES ('5196375d-0027-4fb0-af6b-e1ae1e1cdd85', 'ec136620-31a7-4965-aeea-bfe469db2df6', '2025-12-21', 84, 62.0, 125, 70, 150, 12, NOW(), NOW()) ON CONFLICT DO NOTHING;
INSERT INTO consultations (id, pregnancy_id, date, gestational_age_days, weight_kg, bp_systolic, bp_diastolic, fetal_heart_rate, fundal_height_cm, created_at, updated_at) VALUES ('145f1db3-3218-40bc-b297-680d4a7bea4d', 'ec136620-31a7-4965-aeea-bfe469db2df6', '2026-01-18', 112, 76.5, 127, 60, 159, 16, NOW(), NOW()) ON CONFLICT DO NOTHING;
INSERT INTO consultations (id, pregnancy_id, date, gestational_age_days, weight_kg, bp_systolic, bp_diastolic, fetal_heart_rate, fundal_height_cm, created_at, updated_at) VALUES ('180c887d-740e-4dd4-937c-8c9b4290498e', 'ec136620-31a7-4965-aeea-bfe469db2df6', '2026-02-15', 140, 79.0, 117, 60, 136, 20, NOW(), NOW()) ON CONFLICT DO NOTHING;
INSERT INTO consultations (id, pregnancy_id, date, gestational_age_days, weight_kg, bp_systolic, bp_diastolic, fetal_heart_rate, fundal_height_cm, created_at, updated_at) VALUES ('274e9914-292e-4920-8294-257ff881fd4d', 'ec136620-31a7-4965-aeea-bfe469db2df6', '2026-03-15', 168, 78.5, 119, 67, 133, 24, NOW(), NOW()) ON CONFLICT DO NOTHING;
INSERT INTO pregnancies (id, patient_id, lmp_date, edd, ga_method, status, is_high_risk, high_risk_flags, gravida, para, abortus, created_at, updated_at) VALUES ('ef7c44d7-13a7-474b-beac-ee49854150cf', 'c75ded5c-d9e4-4f9a-978e-89f107dba608', '2025-11-23', '2026-08-30', 'lmp', 'active', false, '{}', 3, 0, 0, NOW(), NOW()) ON CONFLICT DO NOTHING;
INSERT INTO consultations (id, pregnancy_id, date, gestational_age_days, weight_kg, bp_systolic, bp_diastolic, fetal_heart_rate, fundal_height_cm, created_at, updated_at) VALUES ('1c1c7aae-4bd3-4aca-bb19-1541907f10d6', 'ef7c44d7-13a7-474b-beac-ee49854150cf', '2026-02-15', 84, 78.0, 128, 60, 149, 12, NOW(), NOW()) ON CONFLICT DO NOTHING;
INSERT INTO consultations (id, pregnancy_id, date, gestational_age_days, weight_kg, bp_systolic, bp_diastolic, fetal_heart_rate, fundal_height_cm, created_at, updated_at) VALUES ('ec364dfa-492c-4691-81a5-66f0bb53467e', 'ef7c44d7-13a7-474b-beac-ee49854150cf', '2026-03-15', 112, 71.5, 129, 75, 134, 16, NOW(), NOW()) ON CONFLICT DO NOTHING;
INSERT INTO consultations (id, pregnancy_id, date, gestational_age_days, weight_kg, bp_systolic, bp_diastolic, fetal_heart_rate, fundal_height_cm, created_at, updated_at) VALUES ('f38e2011-953a-4be9-b4ff-fc98f8bfac89', 'ef7c44d7-13a7-474b-beac-ee49854150cf', '2026-04-12', 140, 73.0, 126, 62, 122, 20, NOW(), NOW()) ON CONFLICT DO NOTHING;
INSERT INTO consultations (id, pregnancy_id, date, gestational_age_days, weight_kg, bp_systolic, bp_diastolic, fetal_heart_rate, fundal_height_cm, created_at, updated_at) VALUES ('fdea9f52-4ea8-49cf-9111-fd47cd177531', 'ef7c44d7-13a7-474b-beac-ee49854150cf', '2026-05-10', 168, 80.5, 128, 70, 141, 24, NOW(), NOW()) ON CONFLICT DO NOTHING;
INSERT INTO consultations (id, pregnancy_id, date, gestational_age_days, weight_kg, bp_systolic, bp_diastolic, fetal_heart_rate, fundal_height_cm, created_at, updated_at) VALUES ('b8203fe7-fce3-4959-ab86-f1094fdcf6c4', 'ef7c44d7-13a7-474b-beac-ee49854150cf', '2026-06-07', 196, 85.0, 112, 67, 133, 28, NOW(), NOW()) ON CONFLICT DO NOTHING;
INSERT INTO pregnancies (id, patient_id, lmp_date, edd, ga_method, status, is_high_risk, high_risk_flags, gravida, para, abortus, created_at, updated_at) VALUES ('5c6185d1-b574-4ad7-8a1d-c62891d7383d', '0dec359a-b5de-40cd-ab23-e0c1f30a3730', '2025-11-23', '2026-08-30', 'lmp', 'active', false, '{}', 1, 1, 0, NOW(), NOW()) ON CONFLICT DO NOTHING;
INSERT INTO consultations (id, pregnancy_id, date, gestational_age_days, weight_kg, bp_systolic, bp_diastolic, fetal_heart_rate, fundal_height_cm, created_at, updated_at) VALUES ('e05ace3b-f9f8-4b86-85e9-ffd52e46a018', '5c6185d1-b574-4ad7-8a1d-c62891d7383d', '2026-02-15', 84, 59.0, 121, 75, 158, 12, NOW(), NOW()) ON CONFLICT DO NOTHING;
INSERT INTO consultations (id, pregnancy_id, date, gestational_age_days, weight_kg, bp_systolic, bp_diastolic, fetal_heart_rate, fundal_height_cm, created_at, updated_at) VALUES ('00ed8896-a31c-4314-a476-fe1d5bd49800', '5c6185d1-b574-4ad7-8a1d-c62891d7383d', '2026-03-15', 112, 71.5, 126, 74, 136, 16, NOW(), NOW()) ON CONFLICT DO NOTHING;
INSERT INTO consultations (id, pregnancy_id, date, gestational_age_days, weight_kg, bp_systolic, bp_diastolic, fetal_heart_rate, fundal_height_cm, created_at, updated_at) VALUES ('5011b2cd-b0cb-423f-a6d1-5b754b509b2f', '5c6185d1-b574-4ad7-8a1d-c62891d7383d', '2026-04-12', 140, 82.0, 116, 70, 135, 20, NOW(), NOW()) ON CONFLICT DO NOTHING;
INSERT INTO consultations (id, pregnancy_id, date, gestational_age_days, weight_kg, bp_systolic, bp_diastolic, fetal_heart_rate, fundal_height_cm, created_at, updated_at) VALUES ('8fe0d98b-ecd0-4fa5-942f-39b17f4aaa44', '5c6185d1-b574-4ad7-8a1d-c62891d7383d', '2026-05-10', 168, 68.5, 117, 76, 155, 24, NOW(), NOW()) ON CONFLICT DO NOTHING;
INSERT INTO pregnancies (id, patient_id, lmp_date, edd, ga_method, status, is_high_risk, high_risk_flags, gravida, para, abortus, created_at, updated_at) VALUES ('f02a54ae-9a3f-453b-8da2-a974d9eaf9e4', 'd11741b1-6158-420c-837b-6df9ce06b6b7', '2025-08-10', '2026-05-17', 'lmp', 'active', false, '{}', 1, 1, 0, NOW(), NOW()) ON CONFLICT DO NOTHING;
INSERT INTO consultations (id, pregnancy_id, date, gestational_age_days, weight_kg, bp_systolic, bp_diastolic, fetal_heart_rate, fundal_height_cm, created_at, updated_at) VALUES ('97bb2ee1-2134-4f7c-ae4d-e9f820aea023', 'f02a54ae-9a3f-453b-8da2-a974d9eaf9e4', '2025-11-02', 84, 65.0, 110, 76, 142, 12, NOW(), NOW()) ON CONFLICT DO NOTHING;
INSERT INTO consultations (id, pregnancy_id, date, gestational_age_days, weight_kg, bp_systolic, bp_diastolic, fetal_heart_rate, fundal_height_cm, created_at, updated_at) VALUES ('40628341-ba20-4f72-a0d6-c2b7b440b021', 'f02a54ae-9a3f-453b-8da2-a974d9eaf9e4', '2025-11-30', 112, 66.5, 111, 64, 133, 16, NOW(), NOW()) ON CONFLICT DO NOTHING;
INSERT INTO consultations (id, pregnancy_id, date, gestational_age_days, weight_kg, bp_systolic, bp_diastolic, fetal_heart_rate, fundal_height_cm, created_at, updated_at) VALUES ('22bb0c0d-a571-42e5-87ea-b41b581468f9', 'f02a54ae-9a3f-453b-8da2-a974d9eaf9e4', '2025-12-28', 140, 78.0, 127, 74, 128, 20, NOW(), NOW()) ON CONFLICT DO NOTHING;
INSERT INTO consultations (id, pregnancy_id, date, gestational_age_days, weight_kg, bp_systolic, bp_diastolic, fetal_heart_rate, fundal_height_cm, created_at, updated_at) VALUES ('47cb09da-28db-4948-9001-81248e2a8080', 'f02a54ae-9a3f-453b-8da2-a974d9eaf9e4', '2026-01-25', 168, 66.5, 110, 77, 128, 24, NOW(), NOW()) ON CONFLICT DO NOTHING;
INSERT INTO pregnancies (id, patient_id, lmp_date, edd, ga_method, status, is_high_risk, high_risk_flags, gravida, para, abortus, created_at, updated_at) VALUES ('a34ec017-f6e5-46a6-af91-de94b93a408a', '5553201c-352d-4446-9364-cac843d2405c', '2025-09-21', '2026-06-28', 'lmp', 'active', false, '{}', 3, 1, 0, NOW(), NOW()) ON CONFLICT DO NOTHING;
INSERT INTO consultations (id, pregnancy_id, date, gestational_age_days, weight_kg, bp_systolic, bp_diastolic, fetal_heart_rate, fundal_height_cm, created_at, updated_at) VALUES ('cb1e067c-fb9f-42a7-b86d-8dc2e3e30a9b', 'a34ec017-f6e5-46a6-af91-de94b93a408a', '2025-12-14', 84, 73.0, 113, 74, 131, 12, NOW(), NOW()) ON CONFLICT DO NOTHING;
INSERT INTO consultations (id, pregnancy_id, date, gestational_age_days, weight_kg, bp_systolic, bp_diastolic, fetal_heart_rate, fundal_height_cm, created_at, updated_at) VALUES ('aa9055f6-68b6-450e-9333-c6bc75545210', 'a34ec017-f6e5-46a6-af91-de94b93a408a', '2026-01-11', 112, 77.5, 119, 78, 122, 16, NOW(), NOW()) ON CONFLICT DO NOTHING;
INSERT INTO consultations (id, pregnancy_id, date, gestational_age_days, weight_kg, bp_systolic, bp_diastolic, fetal_heart_rate, fundal_height_cm, created_at, updated_at) VALUES ('5d43fee2-743a-4824-bd62-012261034950', 'a34ec017-f6e5-46a6-af91-de94b93a408a', '2026-02-08', 140, 77.0, 122, 76, 124, 20, NOW(), NOW()) ON CONFLICT DO NOTHING;
INSERT INTO consultations (id, pregnancy_id, date, gestational_age_days, weight_kg, bp_systolic, bp_diastolic, fetal_heart_rate, fundal_height_cm, created_at, updated_at) VALUES ('d5915ce8-9a76-42a8-8fc9-1511c2701384', 'a34ec017-f6e5-46a6-af91-de94b93a408a', '2026-03-08', 168, 72.5, 128, 76, 153, 24, NOW(), NOW()) ON CONFLICT DO NOTHING;
INSERT INTO pregnancies (id, patient_id, lmp_date, edd, ga_method, status, is_high_risk, high_risk_flags, gravida, para, abortus, created_at, updated_at) VALUES ('2c7944c8-cbe4-48b6-baac-cd9eb4c06b72', '29f4861d-6296-40fa-a078-dab6d3b3c83d', '2025-10-19', '2026-07-26', 'lmp', 'active', false, '{}', 2, 0, 0, NOW(), NOW()) ON CONFLICT DO NOTHING;
INSERT INTO consultations (id, pregnancy_id, date, gestational_age_days, weight_kg, bp_systolic, bp_diastolic, fetal_heart_rate, fundal_height_cm, created_at, updated_at) VALUES ('15511568-9f84-4207-ab63-f287cd77e189', '2c7944c8-cbe4-48b6-baac-cd9eb4c06b72', '2026-01-11', 84, 74.0, 125, 72, 122, 12, NOW(), NOW()) ON CONFLICT DO NOTHING;
INSERT INTO consultations (id, pregnancy_id, date, gestational_age_days, weight_kg, bp_systolic, bp_diastolic, fetal_heart_rate, fundal_height_cm, created_at, updated_at) VALUES ('422f77e4-5878-4188-a1a9-ca08f0cded82', '2c7944c8-cbe4-48b6-baac-cd9eb4c06b72', '2026-02-08', 112, 58.5, 126, 73, 134, 16, NOW(), NOW()) ON CONFLICT DO NOTHING;
INSERT INTO consultations (id, pregnancy_id, date, gestational_age_days, weight_kg, bp_systolic, bp_diastolic, fetal_heart_rate, fundal_height_cm, created_at, updated_at) VALUES ('14d460af-fc47-475a-99df-65174cd0dc64', '2c7944c8-cbe4-48b6-baac-cd9eb4c06b72', '2026-03-08', 140, 76.0, 113, 62, 148, 20, NOW(), NOW()) ON CONFLICT DO NOTHING;
INSERT INTO pregnancies (id, patient_id, lmp_date, edd, ga_method, status, is_high_risk, high_risk_flags, gravida, para, abortus, created_at, updated_at) VALUES ('b4fc1f75-d461-4e33-b073-875a664a09d0', '291f9552-3711-4e46-87d4-1444dfb34c2d', '2025-08-10', '2026-05-17', 'lmp', 'active', false, '{}', 1, 1, 0, NOW(), NOW()) ON CONFLICT DO NOTHING;
INSERT INTO consultations (id, pregnancy_id, date, gestational_age_days, weight_kg, bp_systolic, bp_diastolic, fetal_heart_rate, fundal_height_cm, created_at, updated_at) VALUES ('964c4dad-b127-4081-ba0c-8847ed464524', 'b4fc1f75-d461-4e33-b073-875a664a09d0', '2025-11-02', 84, 65.0, 117, 67, 150, 12, NOW(), NOW()) ON CONFLICT DO NOTHING;
INSERT INTO consultations (id, pregnancy_id, date, gestational_age_days, weight_kg, bp_systolic, bp_diastolic, fetal_heart_rate, fundal_height_cm, created_at, updated_at) VALUES ('d4e1a11b-7b56-4c6b-8b55-307c6aa1bff8', 'b4fc1f75-d461-4e33-b073-875a664a09d0', '2025-11-30', 112, 77.5, 128, 67, 145, 16, NOW(), NOW()) ON CONFLICT DO NOTHING;
INSERT INTO pregnancies (id, patient_id, lmp_date, edd, ga_method, status, is_high_risk, high_risk_flags, gravida, para, abortus, created_at, updated_at) VALUES ('522b66ed-2821-4d82-847a-45dc51064528', '5df8c979-e565-4afe-ac3c-f73a55ae75d9', '2025-11-09', '2026-08-16', 'lmp', 'active', false, '{}', 2, 1, 0, NOW(), NOW()) ON CONFLICT DO NOTHING;
INSERT INTO consultations (id, pregnancy_id, date, gestational_age_days, weight_kg, bp_systolic, bp_diastolic, fetal_heart_rate, fundal_height_cm, created_at, updated_at) VALUES ('4087df2a-c49b-49e7-887f-716a12f493f5', '522b66ed-2821-4d82-847a-45dc51064528', '2026-02-01', 84, 70.0, 127, 60, 151, 12, NOW(), NOW()) ON CONFLICT DO NOTHING;
INSERT INTO consultations (id, pregnancy_id, date, gestational_age_days, weight_kg, bp_systolic, bp_diastolic, fetal_heart_rate, fundal_height_cm, created_at, updated_at) VALUES ('e7424af3-6a98-4439-a004-82f29a1d28f2', '522b66ed-2821-4d82-847a-45dc51064528', '2026-03-01', 112, 56.5, 119, 79, 131, 16, NOW(), NOW()) ON CONFLICT DO NOTHING;
INSERT INTO pregnancies (id, patient_id, lmp_date, edd, ga_method, status, is_high_risk, high_risk_flags, gravida, para, abortus, created_at, updated_at) VALUES ('803bf05b-536e-4eb0-83eb-b108a99de0b5', '5e072664-2b6d-4b99-97cc-9974fa1fa6f6', '2025-09-21', '2026-06-28', 'lmp', 'active', false, '{}', 1, 0, 0, NOW(), NOW()) ON CONFLICT DO NOTHING;
INSERT INTO consultations (id, pregnancy_id, date, gestational_age_days, weight_kg, bp_systolic, bp_diastolic, fetal_heart_rate, fundal_height_cm, created_at, updated_at) VALUES ('a28f6db0-55b8-4679-a421-57ede9d7d81f', '803bf05b-536e-4eb0-83eb-b108a99de0b5', '2025-12-14', 84, 57.0, 115, 67, 132, 12, NOW(), NOW()) ON CONFLICT DO NOTHING;
INSERT INTO consultations (id, pregnancy_id, date, gestational_age_days, weight_kg, bp_systolic, bp_diastolic, fetal_heart_rate, fundal_height_cm, created_at, updated_at) VALUES ('40c780fc-71e7-49e4-8c50-eab34f74ea28', '803bf05b-536e-4eb0-83eb-b108a99de0b5', '2026-01-11', 112, 78.5, 121, 73, 120, 16, NOW(), NOW()) ON CONFLICT DO NOTHING;
INSERT INTO consultations (id, pregnancy_id, date, gestational_age_days, weight_kg, bp_systolic, bp_diastolic, fetal_heart_rate, fundal_height_cm, created_at, updated_at) VALUES ('9bc8e6ec-8c8f-42f5-bec1-20d08cd6ec1d', '803bf05b-536e-4eb0-83eb-b108a99de0b5', '2026-02-08', 140, 72.0, 122, 70, 123, 20, NOW(), NOW()) ON CONFLICT DO NOTHING;
INSERT INTO consultations (id, pregnancy_id, date, gestational_age_days, weight_kg, bp_systolic, bp_diastolic, fetal_heart_rate, fundal_height_cm, created_at, updated_at) VALUES ('64b60679-dfae-49ea-ac39-d7d740b32429', '803bf05b-536e-4eb0-83eb-b108a99de0b5', '2026-03-08', 168, 82.5, 112, 61, 146, 24, NOW(), NOW()) ON CONFLICT DO NOTHING;
INSERT INTO consultations (id, pregnancy_id, date, gestational_age_days, weight_kg, bp_systolic, bp_diastolic, fetal_heart_rate, fundal_height_cm, created_at, updated_at) VALUES ('5940f5f6-b685-4c8d-b318-c02722bb7246', '803bf05b-536e-4eb0-83eb-b108a99de0b5', '2026-04-05', 196, 71.0, 119, 67, 135, 28, NOW(), NOW()) ON CONFLICT DO NOTHING;
INSERT INTO pregnancies (id, patient_id, lmp_date, edd, ga_method, status, is_high_risk, high_risk_flags, gravida, para, abortus, created_at, updated_at) VALUES ('acad04ad-0346-4fb1-84a5-1bcb9795417e', 'd6173cd9-4e76-40be-b6c3-89d3b51c2d9a', '2025-09-07', '2026-06-14', 'lmp', 'active', false, '{}', 1, 1, 0, NOW(), NOW()) ON CONFLICT DO NOTHING;
INSERT INTO consultations (id, pregnancy_id, date, gestational_age_days, weight_kg, bp_systolic, bp_diastolic, fetal_heart_rate, fundal_height_cm, created_at, updated_at) VALUES ('d2b046ab-c7c9-4678-a5b3-d10402863b8a', 'acad04ad-0346-4fb1-84a5-1bcb9795417e', '2025-11-30', 84, 69.0, 121, 76, 140, 12, NOW(), NOW()) ON CONFLICT DO NOTHING;
INSERT INTO consultations (id, pregnancy_id, date, gestational_age_days, weight_kg, bp_systolic, bp_diastolic, fetal_heart_rate, fundal_height_cm, created_at, updated_at) VALUES ('87c67180-f10d-4c74-b6d3-9fc37d579ad5', 'acad04ad-0346-4fb1-84a5-1bcb9795417e', '2025-12-28', 112, 74.5, 111, 60, 136, 16, NOW(), NOW()) ON CONFLICT DO NOTHING;
INSERT INTO pregnancies (id, patient_id, lmp_date, edd, ga_method, status, is_high_risk, high_risk_flags, gravida, para, abortus, created_at, updated_at) VALUES ('ce578111-7219-4b1b-948d-7dd4db84b1cc', '8f526ed4-57f8-4f86-9fdc-426eddb982a2', '2025-11-09', '2026-08-16', 'lmp', 'active', true, '{"idade_materna"}', 1, 0, 0, NOW(), NOW()) ON CONFLICT DO NOTHING;
INSERT INTO consultations (id, pregnancy_id, date, gestational_age_days, weight_kg, bp_systolic, bp_diastolic, fetal_heart_rate, fundal_height_cm, created_at, updated_at) VALUES ('5a190688-ea99-446c-9164-c94b9314cb8f', 'ce578111-7219-4b1b-948d-7dd4db84b1cc', '2026-02-01', 84, 62.0, 117, 64, 127, 12, NOW(), NOW()) ON CONFLICT DO NOTHING;
INSERT INTO consultations (id, pregnancy_id, date, gestational_age_days, weight_kg, bp_systolic, bp_diastolic, fetal_heart_rate, fundal_height_cm, created_at, updated_at) VALUES ('6c186162-40f8-490b-9f6d-f02b1d9a744c', 'ce578111-7219-4b1b-948d-7dd4db84b1cc', '2026-03-01', 112, 58.5, 123, 64, 148, 16, NOW(), NOW()) ON CONFLICT DO NOTHING;
INSERT INTO consultations (id, pregnancy_id, date, gestational_age_days, weight_kg, bp_systolic, bp_diastolic, fetal_heart_rate, fundal_height_cm, created_at, updated_at) VALUES ('c0d81b64-9f24-4a3c-927e-448745478cde', 'ce578111-7219-4b1b-948d-7dd4db84b1cc', '2026-03-29', 140, 72.0, 119, 63, 126, 20, NOW(), NOW()) ON CONFLICT DO NOTHING;
INSERT INTO pregnancies (id, patient_id, lmp_date, edd, ga_method, status, is_high_risk, high_risk_flags, gravida, para, abortus, created_at, updated_at) VALUES ('79ebb99b-6ac4-404d-bede-84c30575a67b', 'c702362a-e809-4ba7-9d0f-036475bdd568', '2025-08-10', '2026-05-17', 'lmp', 'active', true, '{"idade_materna"}', 3, 1, 0, NOW(), NOW()) ON CONFLICT DO NOTHING;
INSERT INTO consultations (id, pregnancy_id, date, gestational_age_days, weight_kg, bp_systolic, bp_diastolic, fetal_heart_rate, fundal_height_cm, created_at, updated_at) VALUES ('fde219ac-4c57-4f02-a618-e9a1633d1843', '79ebb99b-6ac4-404d-bede-84c30575a67b', '2025-11-02', 84, 77.0, 110, 69, 143, 12, NOW(), NOW()) ON CONFLICT DO NOTHING;
INSERT INTO consultations (id, pregnancy_id, date, gestational_age_days, weight_kg, bp_systolic, bp_diastolic, fetal_heart_rate, fundal_height_cm, created_at, updated_at) VALUES ('a8a41de3-e682-414e-a353-8d1364d91021', '79ebb99b-6ac4-404d-bede-84c30575a67b', '2025-11-30', 112, 56.5, 125, 63, 153, 16, NOW(), NOW()) ON CONFLICT DO NOTHING;
INSERT INTO consultations (id, pregnancy_id, date, gestational_age_days, weight_kg, bp_systolic, bp_diastolic, fetal_heart_rate, fundal_height_cm, created_at, updated_at) VALUES ('678bbc48-20fc-451f-8e64-d8fadba2540f', '79ebb99b-6ac4-404d-bede-84c30575a67b', '2025-12-28', 140, 77.0, 126, 66, 148, 20, NOW(), NOW()) ON CONFLICT DO NOTHING;
INSERT INTO consultations (id, pregnancy_id, date, gestational_age_days, weight_kg, bp_systolic, bp_diastolic, fetal_heart_rate, fundal_height_cm, created_at, updated_at) VALUES ('928ef1fc-b026-4264-8032-2a3a21909d28', '79ebb99b-6ac4-404d-bede-84c30575a67b', '2026-01-25', 168, 80.5, 118, 72, 136, 24, NOW(), NOW()) ON CONFLICT DO NOTHING;
INSERT INTO pregnancies (id, patient_id, lmp_date, edd, ga_method, status, is_high_risk, high_risk_flags, gravida, para, abortus, created_at, updated_at) VALUES ('cfe7f69c-f554-4231-99a6-120e8ad5a343', '76186526-5f28-4e09-9666-0dd846aa647d', '2025-11-09', '2026-08-16', 'lmp', 'active', true, '{"idade_materna"}', 3, 0, 0, NOW(), NOW()) ON CONFLICT DO NOTHING;
INSERT INTO consultations (id, pregnancy_id, date, gestational_age_days, weight_kg, bp_systolic, bp_diastolic, fetal_heart_rate, fundal_height_cm, created_at, updated_at) VALUES ('881b1a27-6f8e-44f0-aa72-fc30556ed3c5', 'cfe7f69c-f554-4231-99a6-120e8ad5a343', '2026-02-01', 84, 60.0, 111, 72, 155, 12, NOW(), NOW()) ON CONFLICT DO NOTHING;
INSERT INTO consultations (id, pregnancy_id, date, gestational_age_days, weight_kg, bp_systolic, bp_diastolic, fetal_heart_rate, fundal_height_cm, created_at, updated_at) VALUES ('d1b77090-0afe-466e-bd92-fa5a9ae8af1d', 'cfe7f69c-f554-4231-99a6-120e8ad5a343', '2026-03-01', 112, 75.5, 125, 62, 159, 16, NOW(), NOW()) ON CONFLICT DO NOTHING;
INSERT INTO consultations (id, pregnancy_id, date, gestational_age_days, weight_kg, bp_systolic, bp_diastolic, fetal_heart_rate, fundal_height_cm, created_at, updated_at) VALUES ('982e5d62-759e-4b33-b5ae-ba9d609d50af', 'cfe7f69c-f554-4231-99a6-120e8ad5a343', '2026-03-29', 140, 62.0, 113, 69, 121, 20, NOW(), NOW()) ON CONFLICT DO NOTHING;
INSERT INTO consultations (id, pregnancy_id, date, gestational_age_days, weight_kg, bp_systolic, bp_diastolic, fetal_heart_rate, fundal_height_cm, created_at, updated_at) VALUES ('56c57497-f2c9-4c2d-a4da-f53d2b9ee572', 'cfe7f69c-f554-4231-99a6-120e8ad5a343', '2026-04-26', 168, 64.5, 113, 66, 120, 24, NOW(), NOW()) ON CONFLICT DO NOTHING;
INSERT INTO consultations (id, pregnancy_id, date, gestational_age_days, weight_kg, bp_systolic, bp_diastolic, fetal_heart_rate, fundal_height_cm, created_at, updated_at) VALUES ('429b74b3-197f-4ccf-bf66-2a9144bab828', 'cfe7f69c-f554-4231-99a6-120e8ad5a343', '2026-05-24', 196, 70.0, 125, 63, 136, 28, NOW(), NOW()) ON CONFLICT DO NOTHING;
INSERT INTO pregnancies (id, patient_id, lmp_date, edd, ga_method, status, is_high_risk, high_risk_flags, gravida, para, abortus, created_at, updated_at) VALUES ('14024bae-2a1a-4eb1-83c6-c51e7e93cc51', '75c58371-4a96-4337-985b-73a37518a1ac', '2025-09-21', '2026-06-28', 'lmp', 'active', true, '{"idade_materna"}', 1, 1, 0, NOW(), NOW()) ON CONFLICT DO NOTHING;
INSERT INTO consultations (id, pregnancy_id, date, gestational_age_days, weight_kg, bp_systolic, bp_diastolic, fetal_heart_rate, fundal_height_cm, created_at, updated_at) VALUES ('be8efe1c-ba88-4de0-8f05-98ee0ca20e25', '14024bae-2a1a-4eb1-83c6-c51e7e93cc51', '2025-12-14', 84, 67.0, 127, 69, 140, 12, NOW(), NOW()) ON CONFLICT DO NOTHING;
INSERT INTO consultations (id, pregnancy_id, date, gestational_age_days, weight_kg, bp_systolic, bp_diastolic, fetal_heart_rate, fundal_height_cm, created_at, updated_at) VALUES ('23ddcf3f-d2f6-4468-8efd-749f382d0b99', '14024bae-2a1a-4eb1-83c6-c51e7e93cc51', '2026-01-11', 112, 70.5, 118, 66, 121, 16, NOW(), NOW()) ON CONFLICT DO NOTHING;
INSERT INTO consultations (id, pregnancy_id, date, gestational_age_days, weight_kg, bp_systolic, bp_diastolic, fetal_heart_rate, fundal_height_cm, created_at, updated_at) VALUES ('9a632c25-eee1-42aa-8b77-854fc7d066a4', '14024bae-2a1a-4eb1-83c6-c51e7e93cc51', '2026-02-08', 140, 74.0, 110, 63, 133, 20, NOW(), NOW()) ON CONFLICT DO NOTHING;
INSERT INTO consultations (id, pregnancy_id, date, gestational_age_days, weight_kg, bp_systolic, bp_diastolic, fetal_heart_rate, fundal_height_cm, created_at, updated_at) VALUES ('0a7dabd2-c026-4bcf-986c-59f545693d56', '14024bae-2a1a-4eb1-83c6-c51e7e93cc51', '2026-03-08', 168, 76.5, 113, 71, 152, 24, NOW(), NOW()) ON CONFLICT DO NOTHING;
INSERT INTO pregnancies (id, patient_id, lmp_date, edd, ga_method, status, is_high_risk, high_risk_flags, gravida, para, abortus, created_at, updated_at) VALUES ('0af31a25-d7cc-40a2-9f96-720a84f09e19', '08672b1c-d806-49df-88d7-af38b5417131', '2025-11-30', '2026-09-06', 'lmp', 'active', true, '{"idade_materna"}', 2, 0, 0, NOW(), NOW()) ON CONFLICT DO NOTHING;
INSERT INTO consultations (id, pregnancy_id, date, gestational_age_days, weight_kg, bp_systolic, bp_diastolic, fetal_heart_rate, fundal_height_cm, created_at, updated_at) VALUES ('c4168280-6294-49bc-bcc7-d1aff074cf88', '0af31a25-d7cc-40a2-9f96-720a84f09e19', '2026-02-22', 84, 57.0, 110, 73, 144, 12, NOW(), NOW()) ON CONFLICT DO NOTHING;
INSERT INTO consultations (id, pregnancy_id, date, gestational_age_days, weight_kg, bp_systolic, bp_diastolic, fetal_heart_rate, fundal_height_cm, created_at, updated_at) VALUES ('5ab17a3c-351c-4fb5-9d6c-d5aef8995e8e', '0af31a25-d7cc-40a2-9f96-720a84f09e19', '2026-03-22', 112, 79.5, 122, 67, 149, 16, NOW(), NOW()) ON CONFLICT DO NOTHING;
INSERT INTO consultations (id, pregnancy_id, date, gestational_age_days, weight_kg, bp_systolic, bp_diastolic, fetal_heart_rate, fundal_height_cm, created_at, updated_at) VALUES ('2c10f706-6832-40cc-906e-4877c237dbad', '0af31a25-d7cc-40a2-9f96-720a84f09e19', '2026-04-19', 140, 58.0, 113, 62, 124, 20, NOW(), NOW()) ON CONFLICT DO NOTHING;
INSERT INTO pregnancies (id, patient_id, lmp_date, edd, ga_method, status, is_high_risk, high_risk_flags, gravida, para, abortus, created_at, updated_at) VALUES ('73808620-e170-412b-87fa-3e0083d048e3', '71286bb5-cbda-4d13-a17d-81690fc791ba', '2025-11-23', '2026-08-30', 'lmp', 'active', true, '{"idade_materna"}', 2, 0, 0, NOW(), NOW()) ON CONFLICT DO NOTHING;
INSERT INTO consultations (id, pregnancy_id, date, gestational_age_days, weight_kg, bp_systolic, bp_diastolic, fetal_heart_rate, fundal_height_cm, created_at, updated_at) VALUES ('27f71c09-54df-461b-91fe-8b3f33cd920c', '73808620-e170-412b-87fa-3e0083d048e3', '2026-02-15', 84, 63.0, 119, 77, 127, 12, NOW(), NOW()) ON CONFLICT DO NOTHING;
INSERT INTO consultations (id, pregnancy_id, date, gestational_age_days, weight_kg, bp_systolic, bp_diastolic, fetal_heart_rate, fundal_height_cm, created_at, updated_at) VALUES ('b8b6463f-50cb-46ab-b0aa-ad880c5cc2d8', '73808620-e170-412b-87fa-3e0083d048e3', '2026-03-15', 112, 58.5, 123, 79, 128, 16, NOW(), NOW()) ON CONFLICT DO NOTHING;
INSERT INTO consultations (id, pregnancy_id, date, gestational_age_days, weight_kg, bp_systolic, bp_diastolic, fetal_heart_rate, fundal_height_cm, created_at, updated_at) VALUES ('5c61f15c-e196-48c8-8dea-63ee100ae6d0', '73808620-e170-412b-87fa-3e0083d048e3', '2026-04-12', 140, 80.0, 120, 73, 148, 20, NOW(), NOW()) ON CONFLICT DO NOTHING;
INSERT INTO consultations (id, pregnancy_id, date, gestational_age_days, weight_kg, bp_systolic, bp_diastolic, fetal_heart_rate, fundal_height_cm, created_at, updated_at) VALUES ('f3085455-8c8e-4553-afb0-25cf5015a229', '73808620-e170-412b-87fa-3e0083d048e3', '2026-05-10', 168, 64.5, 129, 62, 146, 24, NOW(), NOW()) ON CONFLICT DO NOTHING;
INSERT INTO pregnancies (id, patient_id, lmp_date, edd, ga_method, status, is_high_risk, high_risk_flags, gravida, para, abortus, created_at, updated_at) VALUES ('e86fef8b-3a33-4805-b450-1e9cfb4a4f17', '19f822a9-74fc-493d-9889-c26b06c2399d', '2025-10-12', '2026-07-19', 'lmp', 'active', true, '{"idade_materna"}', 1, 0, 0, NOW(), NOW()) ON CONFLICT DO NOTHING;
INSERT INTO consultations (id, pregnancy_id, date, gestational_age_days, weight_kg, bp_systolic, bp_diastolic, fetal_heart_rate, fundal_height_cm, created_at, updated_at) VALUES ('b2034d10-e3a0-47ff-abc9-de11b313b427', 'e86fef8b-3a33-4805-b450-1e9cfb4a4f17', '2026-01-04', 84, 57.0, 115, 62, 156, 12, NOW(), NOW()) ON CONFLICT DO NOTHING;
INSERT INTO consultations (id, pregnancy_id, date, gestational_age_days, weight_kg, bp_systolic, bp_diastolic, fetal_heart_rate, fundal_height_cm, created_at, updated_at) VALUES ('a46274d7-cd4f-431c-ad52-90c66566efd0', 'e86fef8b-3a33-4805-b450-1e9cfb4a4f17', '2026-02-01', 112, 75.5, 113, 68, 128, 16, NOW(), NOW()) ON CONFLICT DO NOTHING;
INSERT INTO consultations (id, pregnancy_id, date, gestational_age_days, weight_kg, bp_systolic, bp_diastolic, fetal_heart_rate, fundal_height_cm, created_at, updated_at) VALUES ('2b63b027-230b-44e7-a6ad-372ed31feb06', 'e86fef8b-3a33-4805-b450-1e9cfb4a4f17', '2026-03-01', 140, 70.0, 118, 69, 154, 20, NOW(), NOW()) ON CONFLICT DO NOTHING;
INSERT INTO pregnancies (id, patient_id, lmp_date, edd, ga_method, status, is_high_risk, high_risk_flags, gravida, para, abortus, created_at, updated_at) VALUES ('b285af84-6b94-4b06-8acc-dbaefd103d14', '631a235f-bb05-498f-9262-dfb8c3a6130f', '2025-10-05', '2026-07-12', 'lmp', 'active', true, '{"idade_materna"}', 1, 1, 0, NOW(), NOW()) ON CONFLICT DO NOTHING;
INSERT INTO consultations (id, pregnancy_id, date, gestational_age_days, weight_kg, bp_systolic, bp_diastolic, fetal_heart_rate, fundal_height_cm, created_at, updated_at) VALUES ('7e3edd68-946a-4980-bd14-03e99433c164', 'b285af84-6b94-4b06-8acc-dbaefd103d14', '2025-12-28', 84, 58.0, 112, 63, 156, 12, NOW(), NOW()) ON CONFLICT DO NOTHING;
INSERT INTO consultations (id, pregnancy_id, date, gestational_age_days, weight_kg, bp_systolic, bp_diastolic, fetal_heart_rate, fundal_height_cm, created_at, updated_at) VALUES ('96c7f4ee-e08c-4a7a-8fbb-8419c945c0e2', 'b285af84-6b94-4b06-8acc-dbaefd103d14', '2026-01-25', 112, 77.5, 119, 71, 135, 16, NOW(), NOW()) ON CONFLICT DO NOTHING;
INSERT INTO consultations (id, pregnancy_id, date, gestational_age_days, weight_kg, bp_systolic, bp_diastolic, fetal_heart_rate, fundal_height_cm, created_at, updated_at) VALUES ('2b4394e1-f30d-41b9-9cec-70c66be8edaf', 'b285af84-6b94-4b06-8acc-dbaefd103d14', '2026-02-22', 140, 73.0, 126, 79, 159, 20, NOW(), NOW()) ON CONFLICT DO NOTHING;
INSERT INTO pregnancies (id, patient_id, lmp_date, edd, ga_method, status, is_high_risk, high_risk_flags, gravida, para, abortus, created_at, updated_at) VALUES ('b5f68542-4441-4e54-8ecb-6b2e75df3f3f', '30c97e82-9660-44c4-8e23-38ab32eda4b6', '2025-11-09', '2026-08-16', 'lmp', 'active', true, '{"idade_materna"}', 2, 1, 0, NOW(), NOW()) ON CONFLICT DO NOTHING;
INSERT INTO consultations (id, pregnancy_id, date, gestational_age_days, weight_kg, bp_systolic, bp_diastolic, fetal_heart_rate, fundal_height_cm, created_at, updated_at) VALUES ('29682e61-43c9-4bbf-9460-397ebb92ef8f', 'b5f68542-4441-4e54-8ecb-6b2e75df3f3f', '2026-02-01', 84, 72.0, 124, 70, 122, 12, NOW(), NOW()) ON CONFLICT DO NOTHING;
INSERT INTO consultations (id, pregnancy_id, date, gestational_age_days, weight_kg, bp_systolic, bp_diastolic, fetal_heart_rate, fundal_height_cm, created_at, updated_at) VALUES ('031f49d4-f100-4a02-b0a0-49aaa3b45252', 'b5f68542-4441-4e54-8ecb-6b2e75df3f3f', '2026-03-01', 112, 74.5, 110, 77, 147, 16, NOW(), NOW()) ON CONFLICT DO NOTHING;
INSERT INTO consultations (id, pregnancy_id, date, gestational_age_days, weight_kg, bp_systolic, bp_diastolic, fetal_heart_rate, fundal_height_cm, created_at, updated_at) VALUES ('dc7b65fa-e228-48fc-bfd5-aca92d186173', 'b5f68542-4441-4e54-8ecb-6b2e75df3f3f', '2026-03-29', 140, 73.0, 127, 72, 151, 20, NOW(), NOW()) ON CONFLICT DO NOTHING;
INSERT INTO consultations (id, pregnancy_id, date, gestational_age_days, weight_kg, bp_systolic, bp_diastolic, fetal_heart_rate, fundal_height_cm, created_at, updated_at) VALUES ('0d8fd092-f5de-4dc5-8df6-0d405735ff39', 'b5f68542-4441-4e54-8ecb-6b2e75df3f3f', '2026-04-26', 168, 63.5, 117, 77, 139, 24, NOW(), NOW()) ON CONFLICT DO NOTHING;
INSERT INTO consultations (id, pregnancy_id, date, gestational_age_days, weight_kg, bp_systolic, bp_diastolic, fetal_heart_rate, fundal_height_cm, created_at, updated_at) VALUES ('dfbb3205-f9d9-412a-9a5a-5ba44aeaa49a', 'b5f68542-4441-4e54-8ecb-6b2e75df3f3f', '2026-05-24', 196, 67.0, 115, 70, 138, 28, NOW(), NOW()) ON CONFLICT DO NOTHING;
INSERT INTO pregnancies (id, patient_id, lmp_date, edd, ga_method, status, is_high_risk, high_risk_flags, gravida, para, abortus, created_at, updated_at) VALUES ('a30612a8-9dd3-4d5b-b0ea-b8ddaa19e5ac', '3189add7-67b4-4b6e-b2f5-195a7088ad25', '2025-08-17', '2026-05-24', 'lmp', 'active', true, '{"idade_materna"}', 2, 1, 0, NOW(), NOW()) ON CONFLICT DO NOTHING;
INSERT INTO consultations (id, pregnancy_id, date, gestational_age_days, weight_kg, bp_systolic, bp_diastolic, fetal_heart_rate, fundal_height_cm, created_at, updated_at) VALUES ('8506afe7-abed-4dd8-9d6e-fba343f423e7', 'a30612a8-9dd3-4d5b-b0ea-b8ddaa19e5ac', '2025-11-09', 84, 70.0, 127, 71, 143, 12, NOW(), NOW()) ON CONFLICT DO NOTHING;
INSERT INTO consultations (id, pregnancy_id, date, gestational_age_days, weight_kg, bp_systolic, bp_diastolic, fetal_heart_rate, fundal_height_cm, created_at, updated_at) VALUES ('1558fae5-ff59-4090-8520-53c81c54dcad', 'a30612a8-9dd3-4d5b-b0ea-b8ddaa19e5ac', '2025-12-07', 112, 66.5, 118, 68, 122, 16, NOW(), NOW()) ON CONFLICT DO NOTHING;
INSERT INTO consultations (id, pregnancy_id, date, gestational_age_days, weight_kg, bp_systolic, bp_diastolic, fetal_heart_rate, fundal_height_cm, created_at, updated_at) VALUES ('148b2386-7c01-4661-bef9-5d66abf96f4e', 'a30612a8-9dd3-4d5b-b0ea-b8ddaa19e5ac', '2026-01-04', 140, 63.0, 121, 66, 120, 20, NOW(), NOW()) ON CONFLICT DO NOTHING;
INSERT INTO pregnancies (id, patient_id, lmp_date, edd, ga_method, status, is_high_risk, high_risk_flags, gravida, para, abortus, created_at, updated_at) VALUES ('9d8fe899-979c-4e33-adf2-9343e13f4cef', '7c27bb4d-074f-4a0c-b163-9f6330294938', '2025-09-28', '2026-07-05', 'lmp', 'active', true, '{"diabetes","dmg"}', 1, 1, 0, NOW(), NOW()) ON CONFLICT DO NOTHING;
INSERT INTO consultations (id, pregnancy_id, date, gestational_age_days, weight_kg, bp_systolic, bp_diastolic, fetal_heart_rate, fundal_height_cm, created_at, updated_at) VALUES ('779206e9-4597-4f49-810d-494c814dbc61', '9d8fe899-979c-4e33-adf2-9343e13f4cef', '2025-12-21', 84, 69.0, 167, 95, 155, 12, NOW(), NOW()) ON CONFLICT DO NOTHING;
INSERT INTO consultations (id, pregnancy_id, date, gestational_age_days, weight_kg, bp_systolic, bp_diastolic, fetal_heart_rate, fundal_height_cm, created_at, updated_at) VALUES ('01c64ff8-478e-489d-b58f-3665f29dfbf9', '9d8fe899-979c-4e33-adf2-9343e13f4cef', '2026-01-18', 112, 75.5, 157, 65, 125, 16, NOW(), NOW()) ON CONFLICT DO NOTHING;
INSERT INTO consultations (id, pregnancy_id, date, gestational_age_days, weight_kg, bp_systolic, bp_diastolic, fetal_heart_rate, fundal_height_cm, created_at, updated_at) VALUES ('356703aa-c687-40b3-a5b1-022bb68be263', '9d8fe899-979c-4e33-adf2-9343e13f4cef', '2026-02-15', 140, 62.0, 168, 60, 128, 20, NOW(), NOW()) ON CONFLICT DO NOTHING;
INSERT INTO bp_readings (id, pregnancy_id, reading_date, reading_time, reading_date_time, systolic, diastolic, gestational_age_days, status, source, created_at, updated_at) VALUES ('56c69524-8255-437e-9816-c7cdc424af2a', '9d8fe899-979c-4e33-adf2-9343e13f4cef', '2026-04-12', '08:00:00', '2026-04-12T18:53:31.716Z', 156, 85, 196, 'attention', 'physician', NOW(), NOW()) ON CONFLICT DO NOTHING;
INSERT INTO bp_readings (id, pregnancy_id, reading_date, reading_time, reading_date_time, systolic, diastolic, gestational_age_days, status, source, created_at, updated_at) VALUES ('ec2e840c-73f3-437f-be1b-a33277352a2c', '9d8fe899-979c-4e33-adf2-9343e13f4cef', '2026-04-09', '08:00:00', '2026-04-09T18:53:31.716Z', 140, 85, 193, 'attention', 'physician', NOW(), NOW()) ON CONFLICT DO NOTHING;
INSERT INTO bp_readings (id, pregnancy_id, reading_date, reading_time, reading_date_time, systolic, diastolic, gestational_age_days, status, source, created_at, updated_at) VALUES ('813164e4-fa4b-4008-8940-64e06e8bdfc8', '9d8fe899-979c-4e33-adf2-9343e13f4cef', '2026-04-06', '08:00:00', '2026-04-06T18:53:31.716Z', 147, 82, 190, 'attention', 'physician', NOW(), NOW()) ON CONFLICT DO NOTHING;
INSERT INTO bp_readings (id, pregnancy_id, reading_date, reading_time, reading_date_time, systolic, diastolic, gestational_age_days, status, source, created_at, updated_at) VALUES ('8e52715f-8d22-4920-a28a-73023abd80f6', '9d8fe899-979c-4e33-adf2-9343e13f4cef', '2026-04-03', '08:00:00', '2026-04-03T18:53:31.716Z', 137, 90, 187, 'normal', 'physician', NOW(), NOW()) ON CONFLICT DO NOTHING;
INSERT INTO bp_readings (id, pregnancy_id, reading_date, reading_time, reading_date_time, systolic, diastolic, gestational_age_days, status, source, created_at, updated_at) VALUES ('a9179fa5-1e58-44d3-ae75-e9a9ad88fd65', '9d8fe899-979c-4e33-adf2-9343e13f4cef', '2026-03-31', '08:00:00', '2026-03-31T18:53:31.716Z', 148, 88, 184, 'attention', 'physician', NOW(), NOW()) ON CONFLICT DO NOTHING;
INSERT INTO bp_readings (id, pregnancy_id, reading_date, reading_time, reading_date_time, systolic, diastolic, gestational_age_days, status, source, created_at, updated_at) VALUES ('e6e3f9f9-8227-4baf-abc7-1c611ebfec83', '9d8fe899-979c-4e33-adf2-9343e13f4cef', '2026-03-28', '08:00:00', '2026-03-28T18:53:31.716Z', 145, 94, 181, 'attention', 'physician', NOW(), NOW()) ON CONFLICT DO NOTHING;
INSERT INTO bp_readings (id, pregnancy_id, reading_date, reading_time, reading_date_time, systolic, diastolic, gestational_age_days, status, source, created_at, updated_at) VALUES ('86789d98-4a1f-41ee-a805-6f88c42cde1a', '9d8fe899-979c-4e33-adf2-9343e13f4cef', '2026-03-25', '08:00:00', '2026-03-25T18:53:31.716Z', 134, 94, 178, 'normal', 'physician', NOW(), NOW()) ON CONFLICT DO NOTHING;
INSERT INTO bp_readings (id, pregnancy_id, reading_date, reading_time, reading_date_time, systolic, diastolic, gestational_age_days, status, source, created_at, updated_at) VALUES ('8208be2d-57d2-4459-86dd-30ea591cd2c0', '9d8fe899-979c-4e33-adf2-9343e13f4cef', '2026-03-22', '08:00:00', '2026-03-22T18:53:31.716Z', 156, 84, 175, 'attention', 'physician', NOW(), NOW()) ON CONFLICT DO NOTHING;
INSERT INTO pregnancies (id, patient_id, lmp_date, edd, ga_method, status, is_high_risk, high_risk_flags, gravida, para, abortus, created_at, updated_at) VALUES ('0c9e7a8f-76fa-4803-83e3-2c4a661aa1ab', '2c725ec4-20ec-4040-8ad8-14b454fd1c5b', '2025-09-14', '2026-06-21', 'lmp', 'active', true, '{"diabetes","dmg"}', 2, 1, 0, NOW(), NOW()) ON CONFLICT DO NOTHING;
INSERT INTO consultations (id, pregnancy_id, date, gestational_age_days, weight_kg, bp_systolic, bp_diastolic, fetal_heart_rate, fundal_height_cm, created_at, updated_at) VALUES ('abcc715b-f932-4c18-a86c-2a7452985726', '0c9e7a8f-76fa-4803-83e3-2c4a661aa1ab', '2025-12-07', 84, 65.0, 166, 62, 159, 12, NOW(), NOW()) ON CONFLICT DO NOTHING;
INSERT INTO consultations (id, pregnancy_id, date, gestational_age_days, weight_kg, bp_systolic, bp_diastolic, fetal_heart_rate, fundal_height_cm, created_at, updated_at) VALUES ('5448e765-433b-4434-a818-442984819703', '0c9e7a8f-76fa-4803-83e3-2c4a661aa1ab', '2026-01-04', 112, 68.5, 149, 103, 151, 16, NOW(), NOW()) ON CONFLICT DO NOTHING;
INSERT INTO bp_readings (id, pregnancy_id, reading_date, reading_time, reading_date_time, systolic, diastolic, gestational_age_days, status, source, created_at, updated_at) VALUES ('d63e9797-7a93-410e-859e-4e4d079da58f', '0c9e7a8f-76fa-4803-83e3-2c4a661aa1ab', '2026-04-12', '08:00:00', '2026-04-12T18:53:31.716Z', 132, 85, 210, 'normal', 'physician', NOW(), NOW()) ON CONFLICT DO NOTHING;
INSERT INTO bp_readings (id, pregnancy_id, reading_date, reading_time, reading_date_time, systolic, diastolic, gestational_age_days, status, source, created_at, updated_at) VALUES ('3f134faf-5622-4ce1-89fd-7d84c002a163', '0c9e7a8f-76fa-4803-83e3-2c4a661aa1ab', '2026-04-09', '08:00:00', '2026-04-09T18:53:31.716Z', 137, 87, 207, 'normal', 'physician', NOW(), NOW()) ON CONFLICT DO NOTHING;
INSERT INTO bp_readings (id, pregnancy_id, reading_date, reading_time, reading_date_time, systolic, diastolic, gestational_age_days, status, source, created_at, updated_at) VALUES ('dbb62813-5eaa-41fc-b873-6679b72678f7', '0c9e7a8f-76fa-4803-83e3-2c4a661aa1ab', '2026-04-06', '08:00:00', '2026-04-06T18:53:31.716Z', 140, 81, 204, 'attention', 'physician', NOW(), NOW()) ON CONFLICT DO NOTHING;
INSERT INTO bp_readings (id, pregnancy_id, reading_date, reading_time, reading_date_time, systolic, diastolic, gestational_age_days, status, source, created_at, updated_at) VALUES ('3d101139-fdea-496d-8803-5ebd8c892c2a', '0c9e7a8f-76fa-4803-83e3-2c4a661aa1ab', '2026-04-03', '08:00:00', '2026-04-03T18:53:31.716Z', 154, 81, 201, 'attention', 'physician', NOW(), NOW()) ON CONFLICT DO NOTHING;
INSERT INTO bp_readings (id, pregnancy_id, reading_date, reading_time, reading_date_time, systolic, diastolic, gestational_age_days, status, source, created_at, updated_at) VALUES ('07db80ff-8a7e-48e1-952b-68fa2bf942b1', '0c9e7a8f-76fa-4803-83e3-2c4a661aa1ab', '2026-03-31', '08:00:00', '2026-03-31T18:53:31.716Z', 146, 80, 198, 'attention', 'physician', NOW(), NOW()) ON CONFLICT DO NOTHING;
INSERT INTO bp_readings (id, pregnancy_id, reading_date, reading_time, reading_date_time, systolic, diastolic, gestational_age_days, status, source, created_at, updated_at) VALUES ('9ae61331-669c-4925-84a9-b0082c8d1881', '0c9e7a8f-76fa-4803-83e3-2c4a661aa1ab', '2026-03-28', '08:00:00', '2026-03-28T18:53:31.716Z', 158, 90, 195, 'attention', 'physician', NOW(), NOW()) ON CONFLICT DO NOTHING;
INSERT INTO bp_readings (id, pregnancy_id, reading_date, reading_time, reading_date_time, systolic, diastolic, gestational_age_days, status, source, created_at, updated_at) VALUES ('1f88a3be-93dc-45a2-8cdf-b039f69171a0', '0c9e7a8f-76fa-4803-83e3-2c4a661aa1ab', '2026-03-25', '08:00:00', '2026-03-25T18:53:31.716Z', 155, 82, 192, 'attention', 'physician', NOW(), NOW()) ON CONFLICT DO NOTHING;
INSERT INTO bp_readings (id, pregnancy_id, reading_date, reading_time, reading_date_time, systolic, diastolic, gestational_age_days, status, source, created_at, updated_at) VALUES ('9d06c892-4dfb-4e72-8a2f-9cf16f72be55', '0c9e7a8f-76fa-4803-83e3-2c4a661aa1ab', '2026-03-22', '08:00:00', '2026-03-22T18:53:31.716Z', 143, 89, 189, 'attention', 'physician', NOW(), NOW()) ON CONFLICT DO NOTHING;
INSERT INTO glucose_readings (id, pregnancy_id, reading_date, reading_time, reading_date_time, measurement_type, glucose_value, status, source, created_at, updated_at) VALUES ('e1f14430-a618-4299-81b0-e2bd2dae47f1', '0c9e7a8f-76fa-4803-83e3-2c4a661aa1ab', '2026-04-12', '07:00:00', '2026-04-12T18:53:31.716Z', 'fasting', 110, 'attention', 'physician', NOW(), NOW()) ON CONFLICT DO NOTHING;
INSERT INTO glucose_readings (id, pregnancy_id, reading_date, reading_time, reading_date_time, measurement_type, glucose_value, status, source, created_at, updated_at) VALUES ('69b1b318-c509-485e-acae-8b26242e38af', '0c9e7a8f-76fa-4803-83e3-2c4a661aa1ab', '2026-04-10', '07:00:00', '2026-04-10T18:53:31.716Z', 'fasting', 124, 'attention', 'physician', NOW(), NOW()) ON CONFLICT DO NOTHING;
INSERT INTO glucose_readings (id, pregnancy_id, reading_date, reading_time, reading_date_time, measurement_type, glucose_value, status, source, created_at, updated_at) VALUES ('08a695be-0f6f-4bd2-b0cf-818639a7ed2c', '0c9e7a8f-76fa-4803-83e3-2c4a661aa1ab', '2026-04-08', '07:00:00', '2026-04-08T18:53:31.716Z', 'fasting', 92, 'normal', 'physician', NOW(), NOW()) ON CONFLICT DO NOTHING;
INSERT INTO glucose_readings (id, pregnancy_id, reading_date, reading_time, reading_date_time, measurement_type, glucose_value, status, source, created_at, updated_at) VALUES ('c0a20148-876f-4deb-9067-484f7c506214', '0c9e7a8f-76fa-4803-83e3-2c4a661aa1ab', '2026-04-06', '07:00:00', '2026-04-06T18:53:31.716Z', 'fasting', 96, 'attention', 'physician', NOW(), NOW()) ON CONFLICT DO NOTHING;
INSERT INTO glucose_readings (id, pregnancy_id, reading_date, reading_time, reading_date_time, measurement_type, glucose_value, status, source, created_at, updated_at) VALUES ('cfeeadb4-83fa-4993-9c0e-84fd00ae0d7b', '0c9e7a8f-76fa-4803-83e3-2c4a661aa1ab', '2026-04-04', '07:00:00', '2026-04-04T18:53:31.716Z', 'fasting', 119, 'attention', 'physician', NOW(), NOW()) ON CONFLICT DO NOTHING;
INSERT INTO glucose_readings (id, pregnancy_id, reading_date, reading_time, reading_date_time, measurement_type, glucose_value, status, source, created_at, updated_at) VALUES ('f3e2ec8f-abd2-4f87-a26d-7209e3775514', '0c9e7a8f-76fa-4803-83e3-2c4a661aa1ab', '2026-04-02', '07:00:00', '2026-04-02T18:53:31.716Z', 'fasting', 102, 'attention', 'physician', NOW(), NOW()) ON CONFLICT DO NOTHING;
INSERT INTO glucose_readings (id, pregnancy_id, reading_date, reading_time, reading_date_time, measurement_type, glucose_value, status, source, created_at, updated_at) VALUES ('25f209c6-23b4-4f74-ac07-03106ae8b84a', '0c9e7a8f-76fa-4803-83e3-2c4a661aa1ab', '2026-03-31', '07:00:00', '2026-03-31T18:53:31.716Z', 'fasting', 115, 'attention', 'physician', NOW(), NOW()) ON CONFLICT DO NOTHING;
INSERT INTO glucose_readings (id, pregnancy_id, reading_date, reading_time, reading_date_time, measurement_type, glucose_value, status, source, created_at, updated_at) VALUES ('2d88a7c1-5e8b-4bf9-8bb8-f0be58a3cb26', '0c9e7a8f-76fa-4803-83e3-2c4a661aa1ab', '2026-03-29', '07:00:00', '2026-03-29T18:53:31.716Z', 'fasting', 124, 'attention', 'physician', NOW(), NOW()) ON CONFLICT DO NOTHING;
INSERT INTO glucose_readings (id, pregnancy_id, reading_date, reading_time, reading_date_time, measurement_type, glucose_value, status, source, created_at, updated_at) VALUES ('b2f376ce-ad16-4272-b867-5491a6573fbe', '0c9e7a8f-76fa-4803-83e3-2c4a661aa1ab', '2026-03-27', '07:00:00', '2026-03-27T18:53:31.716Z', 'fasting', 88, 'normal', 'physician', NOW(), NOW()) ON CONFLICT DO NOTHING;
INSERT INTO glucose_readings (id, pregnancy_id, reading_date, reading_time, reading_date_time, measurement_type, glucose_value, status, source, created_at, updated_at) VALUES ('18cf62f5-4763-40e4-91d9-d4b1d008419c', '0c9e7a8f-76fa-4803-83e3-2c4a661aa1ab', '2026-03-25', '07:00:00', '2026-03-25T18:53:31.716Z', 'fasting', 98, 'attention', 'physician', NOW(), NOW()) ON CONFLICT DO NOTHING;
INSERT INTO pregnancies (id, patient_id, lmp_date, edd, ga_method, status, is_high_risk, high_risk_flags, gravida, para, abortus, created_at, updated_at) VALUES ('e9924a7b-997b-41af-a1f3-37d5ce15c8df', 'a969c70c-28ab-486e-a3fb-414c4bb9253b', '2025-09-28', '2026-07-05', 'lmp', 'active', true, '{"preeclampsia","hipertensao"}', 1, 1, 0, NOW(), NOW()) ON CONFLICT DO NOTHING;
INSERT INTO consultations (id, pregnancy_id, date, gestational_age_days, weight_kg, bp_systolic, bp_diastolic, fetal_heart_rate, fundal_height_cm, created_at, updated_at) VALUES ('57fce29e-5ecb-44d0-8126-1bd55af139e7', 'e9924a7b-997b-41af-a1f3-37d5ce15c8df', '2025-12-21', 84, 56.0, 122, 105, 146, 12, NOW(), NOW()) ON CONFLICT DO NOTHING;
INSERT INTO consultations (id, pregnancy_id, date, gestational_age_days, weight_kg, bp_systolic, bp_diastolic, fetal_heart_rate, fundal_height_cm, created_at, updated_at) VALUES ('2db4f461-a3e2-431d-97db-7fb32067d2a7', 'e9924a7b-997b-41af-a1f3-37d5ce15c8df', '2026-01-18', 112, 76.5, 141, 93, 143, 16, NOW(), NOW()) ON CONFLICT DO NOTHING;
INSERT INTO consultations (id, pregnancy_id, date, gestational_age_days, weight_kg, bp_systolic, bp_diastolic, fetal_heart_rate, fundal_height_cm, created_at, updated_at) VALUES ('f0215d97-7cf3-436a-a901-ea3bc25aa8a6', 'e9924a7b-997b-41af-a1f3-37d5ce15c8df', '2026-02-15', 140, 70.0, 115, 69, 153, 20, NOW(), NOW()) ON CONFLICT DO NOTHING;
INSERT INTO consultations (id, pregnancy_id, date, gestational_age_days, weight_kg, bp_systolic, bp_diastolic, fetal_heart_rate, fundal_height_cm, created_at, updated_at) VALUES ('d17dac1d-90f3-453f-bf8f-d014f75cda74', 'e9924a7b-997b-41af-a1f3-37d5ce15c8df', '2026-03-15', 168, 78.5, 157, 72, 143, 24, NOW(), NOW()) ON CONFLICT DO NOTHING;
INSERT INTO consultations (id, pregnancy_id, date, gestational_age_days, weight_kg, bp_systolic, bp_diastolic, fetal_heart_rate, fundal_height_cm, created_at, updated_at) VALUES ('1b7077bc-4244-4583-b838-803d464038bd', 'e9924a7b-997b-41af-a1f3-37d5ce15c8df', '2026-04-12', 196, 70.0, 127, 97, 140, 28, NOW(), NOW()) ON CONFLICT DO NOTHING;
INSERT INTO bp_readings (id, pregnancy_id, reading_date, reading_time, reading_date_time, systolic, diastolic, gestational_age_days, status, source, created_at, updated_at) VALUES ('8aae2074-d996-46b5-81a9-1972e1dd932d', 'e9924a7b-997b-41af-a1f3-37d5ce15c8df', '2026-04-12', '08:00:00', '2026-04-12T18:53:31.716Z', 142, 80, 196, 'attention', 'physician', NOW(), NOW()) ON CONFLICT DO NOTHING;
INSERT INTO bp_readings (id, pregnancy_id, reading_date, reading_time, reading_date_time, systolic, diastolic, gestational_age_days, status, source, created_at, updated_at) VALUES ('23a2b9bf-a962-44f8-ac46-75936a601615', 'e9924a7b-997b-41af-a1f3-37d5ce15c8df', '2026-04-09', '08:00:00', '2026-04-09T18:53:31.716Z', 144, 82, 193, 'attention', 'physician', NOW(), NOW()) ON CONFLICT DO NOTHING;
INSERT INTO bp_readings (id, pregnancy_id, reading_date, reading_time, reading_date_time, systolic, diastolic, gestational_age_days, status, source, created_at, updated_at) VALUES ('ccc714db-6c06-4898-9393-4dab5c433ec0', 'e9924a7b-997b-41af-a1f3-37d5ce15c8df', '2026-04-06', '08:00:00', '2026-04-06T18:53:31.716Z', 150, 93, 190, 'attention', 'physician', NOW(), NOW()) ON CONFLICT DO NOTHING;
INSERT INTO bp_readings (id, pregnancy_id, reading_date, reading_time, reading_date_time, systolic, diastolic, gestational_age_days, status, source, created_at, updated_at) VALUES ('0b59bf33-76c6-4973-8252-c599cd888a2e', 'e9924a7b-997b-41af-a1f3-37d5ce15c8df', '2026-04-03', '08:00:00', '2026-04-03T18:53:31.716Z', 133, 95, 187, 'normal', 'physician', NOW(), NOW()) ON CONFLICT DO NOTHING;
INSERT INTO bp_readings (id, pregnancy_id, reading_date, reading_time, reading_date_time, systolic, diastolic, gestational_age_days, status, source, created_at, updated_at) VALUES ('0ab15727-8a8c-4dfa-8297-1536f76a1a9f', 'e9924a7b-997b-41af-a1f3-37d5ce15c8df', '2026-03-31', '08:00:00', '2026-03-31T18:53:31.716Z', 157, 87, 184, 'attention', 'physician', NOW(), NOW()) ON CONFLICT DO NOTHING;
INSERT INTO bp_readings (id, pregnancy_id, reading_date, reading_time, reading_date_time, systolic, diastolic, gestational_age_days, status, source, created_at, updated_at) VALUES ('d45aff82-662d-46ff-99da-60732169f379', 'e9924a7b-997b-41af-a1f3-37d5ce15c8df', '2026-03-28', '08:00:00', '2026-03-28T18:53:31.716Z', 135, 96, 181, 'normal', 'physician', NOW(), NOW()) ON CONFLICT DO NOTHING;
INSERT INTO bp_readings (id, pregnancy_id, reading_date, reading_time, reading_date_time, systolic, diastolic, gestational_age_days, status, source, created_at, updated_at) VALUES ('d8685daa-61b8-495a-8ea9-dfce4e736456', 'e9924a7b-997b-41af-a1f3-37d5ce15c8df', '2026-03-25', '08:00:00', '2026-03-25T18:53:31.716Z', 158, 95, 178, 'attention', 'physician', NOW(), NOW()) ON CONFLICT DO NOTHING;
INSERT INTO bp_readings (id, pregnancy_id, reading_date, reading_time, reading_date_time, systolic, diastolic, gestational_age_days, status, source, created_at, updated_at) VALUES ('0bd16589-9f47-4f58-8817-4ed861b8c51a', 'e9924a7b-997b-41af-a1f3-37d5ce15c8df', '2026-03-22', '08:00:00', '2026-03-22T18:53:31.716Z', 159, 99, 175, 'attention', 'physician', NOW(), NOW()) ON CONFLICT DO NOTHING;
INSERT INTO glucose_readings (id, pregnancy_id, reading_date, reading_time, reading_date_time, measurement_type, glucose_value, status, source, created_at, updated_at) VALUES ('7bb1a89b-c03d-4950-91b4-441bda847b36', 'e9924a7b-997b-41af-a1f3-37d5ce15c8df', '2026-04-12', '07:00:00', '2026-04-12T18:53:31.716Z', 'fasting', 104, 'attention', 'physician', NOW(), NOW()) ON CONFLICT DO NOTHING;
INSERT INTO glucose_readings (id, pregnancy_id, reading_date, reading_time, reading_date_time, measurement_type, glucose_value, status, source, created_at, updated_at) VALUES ('e3fd5c57-e2bd-4cbf-aac4-8f9f47b780fa', 'e9924a7b-997b-41af-a1f3-37d5ce15c8df', '2026-04-10', '07:00:00', '2026-04-10T18:53:31.716Z', 'fasting', 101, 'attention', 'physician', NOW(), NOW()) ON CONFLICT DO NOTHING;
INSERT INTO glucose_readings (id, pregnancy_id, reading_date, reading_time, reading_date_time, measurement_type, glucose_value, status, source, created_at, updated_at) VALUES ('30df1124-124b-4ddd-a4b2-006195e2b170', 'e9924a7b-997b-41af-a1f3-37d5ce15c8df', '2026-04-08', '07:00:00', '2026-04-08T18:53:31.716Z', 'fasting', 86, 'normal', 'physician', NOW(), NOW()) ON CONFLICT DO NOTHING;
INSERT INTO glucose_readings (id, pregnancy_id, reading_date, reading_time, reading_date_time, measurement_type, glucose_value, status, source, created_at, updated_at) VALUES ('8ce7731e-1138-4564-9e33-93341546c9e0', 'e9924a7b-997b-41af-a1f3-37d5ce15c8df', '2026-04-06', '07:00:00', '2026-04-06T18:53:31.716Z', 'fasting', 87, 'normal', 'physician', NOW(), NOW()) ON CONFLICT DO NOTHING;
INSERT INTO glucose_readings (id, pregnancy_id, reading_date, reading_time, reading_date_time, measurement_type, glucose_value, status, source, created_at, updated_at) VALUES ('53407e93-c67e-48d2-8ac6-0a70509df1f2', 'e9924a7b-997b-41af-a1f3-37d5ce15c8df', '2026-04-04', '07:00:00', '2026-04-04T18:53:31.716Z', 'fasting', 95, 'normal', 'physician', NOW(), NOW()) ON CONFLICT DO NOTHING;
INSERT INTO glucose_readings (id, pregnancy_id, reading_date, reading_time, reading_date_time, measurement_type, glucose_value, status, source, created_at, updated_at) VALUES ('e949b89b-808a-46cc-b0db-0a3e024bb31e', 'e9924a7b-997b-41af-a1f3-37d5ce15c8df', '2026-04-02', '07:00:00', '2026-04-02T18:53:31.716Z', 'fasting', 107, 'attention', 'physician', NOW(), NOW()) ON CONFLICT DO NOTHING;
INSERT INTO glucose_readings (id, pregnancy_id, reading_date, reading_time, reading_date_time, measurement_type, glucose_value, status, source, created_at, updated_at) VALUES ('744b73b7-7847-4752-a14b-c60709c8c2d0', 'e9924a7b-997b-41af-a1f3-37d5ce15c8df', '2026-03-31', '07:00:00', '2026-03-31T18:53:31.716Z', 'fasting', 122, 'attention', 'physician', NOW(), NOW()) ON CONFLICT DO NOTHING;
INSERT INTO glucose_readings (id, pregnancy_id, reading_date, reading_time, reading_date_time, measurement_type, glucose_value, status, source, created_at, updated_at) VALUES ('42a90678-8abc-46a0-a4b2-061d80b58343', 'e9924a7b-997b-41af-a1f3-37d5ce15c8df', '2026-03-29', '07:00:00', '2026-03-29T18:53:31.716Z', 'fasting', 86, 'normal', 'physician', NOW(), NOW()) ON CONFLICT DO NOTHING;
INSERT INTO glucose_readings (id, pregnancy_id, reading_date, reading_time, reading_date_time, measurement_type, glucose_value, status, source, created_at, updated_at) VALUES ('f3a6143e-a169-4a8a-a0ac-10344989e266', 'e9924a7b-997b-41af-a1f3-37d5ce15c8df', '2026-03-27', '07:00:00', '2026-03-27T18:53:31.716Z', 'fasting', 118, 'attention', 'physician', NOW(), NOW()) ON CONFLICT DO NOTHING;
INSERT INTO glucose_readings (id, pregnancy_id, reading_date, reading_time, reading_date_time, measurement_type, glucose_value, status, source, created_at, updated_at) VALUES ('0b7cfae1-7059-4814-aa69-8fac6c5b4d79', 'e9924a7b-997b-41af-a1f3-37d5ce15c8df', '2026-03-25', '07:00:00', '2026-03-25T18:53:31.716Z', 'fasting', 97, 'attention', 'physician', NOW(), NOW()) ON CONFLICT DO NOTHING;
INSERT INTO pregnancies (id, patient_id, lmp_date, edd, ga_method, status, is_high_risk, high_risk_flags, gravida, para, abortus, created_at, updated_at) VALUES ('dfb22925-78ca-43d2-a586-1a7b3f9e12fe', '9b798e0a-ecd5-41be-a8c7-b4af63830cea', '2025-08-31', '2026-06-07', 'lmp', 'active', true, '{"preeclampsia","hipertensao"}', 1, 1, 0, NOW(), NOW()) ON CONFLICT DO NOTHING;
INSERT INTO consultations (id, pregnancy_id, date, gestational_age_days, weight_kg, bp_systolic, bp_diastolic, fetal_heart_rate, fundal_height_cm, created_at, updated_at) VALUES ('d1b9e61f-0454-4a05-9293-cab98b903e97', 'dfb22925-78ca-43d2-a586-1a7b3f9e12fe', '2025-11-23', 84, 73.0, 153, 72, 127, 12, NOW(), NOW()) ON CONFLICT DO NOTHING;
INSERT INTO consultations (id, pregnancy_id, date, gestational_age_days, weight_kg, bp_systolic, bp_diastolic, fetal_heart_rate, fundal_height_cm, created_at, updated_at) VALUES ('3a821ba2-15b5-41c1-bf7b-4f4e29e37ef3', 'dfb22925-78ca-43d2-a586-1a7b3f9e12fe', '2025-12-21', 112, 69.5, 157, 76, 157, 16, NOW(), NOW()) ON CONFLICT DO NOTHING;
INSERT INTO bp_readings (id, pregnancy_id, reading_date, reading_time, reading_date_time, systolic, diastolic, gestational_age_days, status, source, created_at, updated_at) VALUES ('91e4a2d1-6c84-427f-8cde-50ce090bf670', 'dfb22925-78ca-43d2-a586-1a7b3f9e12fe', '2026-04-12', '08:00:00', '2026-04-12T18:53:31.716Z', 138, 83, 224, 'normal', 'physician', NOW(), NOW()) ON CONFLICT DO NOTHING;
INSERT INTO bp_readings (id, pregnancy_id, reading_date, reading_time, reading_date_time, systolic, diastolic, gestational_age_days, status, source, created_at, updated_at) VALUES ('b28e066b-ff41-473b-9594-033826d639af', 'dfb22925-78ca-43d2-a586-1a7b3f9e12fe', '2026-04-09', '08:00:00', '2026-04-09T18:53:31.716Z', 137, 98, 221, 'normal', 'physician', NOW(), NOW()) ON CONFLICT DO NOTHING;
INSERT INTO bp_readings (id, pregnancy_id, reading_date, reading_time, reading_date_time, systolic, diastolic, gestational_age_days, status, source, created_at, updated_at) VALUES ('269a97cc-6cf4-4a79-9a70-ae2bf06fcc71', 'dfb22925-78ca-43d2-a586-1a7b3f9e12fe', '2026-04-06', '08:00:00', '2026-04-06T18:53:31.716Z', 145, 95, 218, 'attention', 'physician', NOW(), NOW()) ON CONFLICT DO NOTHING;
INSERT INTO bp_readings (id, pregnancy_id, reading_date, reading_time, reading_date_time, systolic, diastolic, gestational_age_days, status, source, created_at, updated_at) VALUES ('f7766179-1b75-4113-b13c-c514d7755426', 'dfb22925-78ca-43d2-a586-1a7b3f9e12fe', '2026-04-03', '08:00:00', '2026-04-03T18:53:31.716Z', 157, 94, 215, 'attention', 'physician', NOW(), NOW()) ON CONFLICT DO NOTHING;
INSERT INTO bp_readings (id, pregnancy_id, reading_date, reading_time, reading_date_time, systolic, diastolic, gestational_age_days, status, source, created_at, updated_at) VALUES ('c21a0c3c-74e2-49b2-b3a8-a79c4a6a425a', 'dfb22925-78ca-43d2-a586-1a7b3f9e12fe', '2026-03-31', '08:00:00', '2026-03-31T18:53:31.716Z', 140, 90, 212, 'attention', 'physician', NOW(), NOW()) ON CONFLICT DO NOTHING;
INSERT INTO bp_readings (id, pregnancy_id, reading_date, reading_time, reading_date_time, systolic, diastolic, gestational_age_days, status, source, created_at, updated_at) VALUES ('68e51883-e8ba-4ff9-91b9-90c238fb6888', 'dfb22925-78ca-43d2-a586-1a7b3f9e12fe', '2026-03-28', '08:00:00', '2026-03-28T18:53:31.716Z', 150, 99, 209, 'attention', 'physician', NOW(), NOW()) ON CONFLICT DO NOTHING;
INSERT INTO bp_readings (id, pregnancy_id, reading_date, reading_time, reading_date_time, systolic, diastolic, gestational_age_days, status, source, created_at, updated_at) VALUES ('374d45f4-c3f2-486f-8517-466682eb024f', 'dfb22925-78ca-43d2-a586-1a7b3f9e12fe', '2026-03-25', '08:00:00', '2026-03-25T18:53:31.716Z', 154, 87, 206, 'attention', 'physician', NOW(), NOW()) ON CONFLICT DO NOTHING;
INSERT INTO bp_readings (id, pregnancy_id, reading_date, reading_time, reading_date_time, systolic, diastolic, gestational_age_days, status, source, created_at, updated_at) VALUES ('02e59f0c-2a3c-44ab-b5e7-19946ca00462', 'dfb22925-78ca-43d2-a586-1a7b3f9e12fe', '2026-03-22', '08:00:00', '2026-03-22T18:53:31.716Z', 157, 92, 203, 'attention', 'physician', NOW(), NOW()) ON CONFLICT DO NOTHING;
INSERT INTO pregnancies (id, patient_id, lmp_date, edd, ga_method, status, is_high_risk, high_risk_flags, gravida, para, abortus, created_at, updated_at) VALUES ('5d601ee5-12a2-44b3-bd5a-ba0ab54b6c0d', '9dbe8ec5-143d-4ccf-b457-8e3ded96bd2c', '2025-10-26', '2026-08-02', 'lmp', 'active', true, '{"preeclampsia","hipertensao"}', 3, 0, 0, NOW(), NOW()) ON CONFLICT DO NOTHING;
INSERT INTO consultations (id, pregnancy_id, date, gestational_age_days, weight_kg, bp_systolic, bp_diastolic, fetal_heart_rate, fundal_height_cm, created_at, updated_at) VALUES ('75590a81-a998-4f85-912f-f1a9c2fc09fa', '5d601ee5-12a2-44b3-bd5a-ba0ab54b6c0d', '2026-01-18', 84, 72.0, 124, 90, 137, 12, NOW(), NOW()) ON CONFLICT DO NOTHING;
INSERT INTO consultations (id, pregnancy_id, date, gestational_age_days, weight_kg, bp_systolic, bp_diastolic, fetal_heart_rate, fundal_height_cm, created_at, updated_at) VALUES ('0dcdb7f4-29b3-4695-a31f-437fe2756859', '5d601ee5-12a2-44b3-bd5a-ba0ab54b6c0d', '2026-02-15', 112, 80.5, 164, 90, 145, 16, NOW(), NOW()) ON CONFLICT DO NOTHING;
INSERT INTO consultations (id, pregnancy_id, date, gestational_age_days, weight_kg, bp_systolic, bp_diastolic, fetal_heart_rate, fundal_height_cm, created_at, updated_at) VALUES ('6b6caf8d-2485-4bfb-b40a-637ba0c382d8', '5d601ee5-12a2-44b3-bd5a-ba0ab54b6c0d', '2026-03-15', 140, 75.0, 165, 62, 123, 20, NOW(), NOW()) ON CONFLICT DO NOTHING;
INSERT INTO bp_readings (id, pregnancy_id, reading_date, reading_time, reading_date_time, systolic, diastolic, gestational_age_days, status, source, created_at, updated_at) VALUES ('7f79db74-f48e-476d-a8aa-e2e70d2bfde8', '5d601ee5-12a2-44b3-bd5a-ba0ab54b6c0d', '2026-04-12', '08:00:00', '2026-04-12T18:53:31.716Z', 138, 98, 168, 'normal', 'physician', NOW(), NOW()) ON CONFLICT DO NOTHING;
INSERT INTO bp_readings (id, pregnancy_id, reading_date, reading_time, reading_date_time, systolic, diastolic, gestational_age_days, status, source, created_at, updated_at) VALUES ('7b18a4b1-77f5-493e-aa53-95b304ed394e', '5d601ee5-12a2-44b3-bd5a-ba0ab54b6c0d', '2026-04-09', '08:00:00', '2026-04-09T18:53:31.716Z', 144, 85, 165, 'attention', 'physician', NOW(), NOW()) ON CONFLICT DO NOTHING;
INSERT INTO bp_readings (id, pregnancy_id, reading_date, reading_time, reading_date_time, systolic, diastolic, gestational_age_days, status, source, created_at, updated_at) VALUES ('993122ca-1cdd-44cc-9c3b-3f46aa9cf919', '5d601ee5-12a2-44b3-bd5a-ba0ab54b6c0d', '2026-04-06', '08:00:00', '2026-04-06T18:53:31.716Z', 152, 91, 162, 'attention', 'physician', NOW(), NOW()) ON CONFLICT DO NOTHING;
INSERT INTO bp_readings (id, pregnancy_id, reading_date, reading_time, reading_date_time, systolic, diastolic, gestational_age_days, status, source, created_at, updated_at) VALUES ('8f1b5385-326c-4125-831b-30bafd93e665', '5d601ee5-12a2-44b3-bd5a-ba0ab54b6c0d', '2026-04-03', '08:00:00', '2026-04-03T18:53:31.716Z', 138, 86, 159, 'normal', 'physician', NOW(), NOW()) ON CONFLICT DO NOTHING;
INSERT INTO bp_readings (id, pregnancy_id, reading_date, reading_time, reading_date_time, systolic, diastolic, gestational_age_days, status, source, created_at, updated_at) VALUES ('72deac2a-a31a-4ed0-97e5-0518c60d623e', '5d601ee5-12a2-44b3-bd5a-ba0ab54b6c0d', '2026-03-31', '08:00:00', '2026-03-31T18:53:31.716Z', 143, 99, 156, 'attention', 'physician', NOW(), NOW()) ON CONFLICT DO NOTHING;
INSERT INTO bp_readings (id, pregnancy_id, reading_date, reading_time, reading_date_time, systolic, diastolic, gestational_age_days, status, source, created_at, updated_at) VALUES ('fe606140-76de-4d17-b36b-69bf7543a99b', '5d601ee5-12a2-44b3-bd5a-ba0ab54b6c0d', '2026-03-28', '08:00:00', '2026-03-28T18:53:31.716Z', 150, 87, 153, 'attention', 'physician', NOW(), NOW()) ON CONFLICT DO NOTHING;
INSERT INTO bp_readings (id, pregnancy_id, reading_date, reading_time, reading_date_time, systolic, diastolic, gestational_age_days, status, source, created_at, updated_at) VALUES ('b229fa4c-5fc8-4d1d-9dbf-b4508e0ab2fe', '5d601ee5-12a2-44b3-bd5a-ba0ab54b6c0d', '2026-03-25', '08:00:00', '2026-03-25T18:53:31.716Z', 141, 86, 150, 'attention', 'physician', NOW(), NOW()) ON CONFLICT DO NOTHING;
INSERT INTO bp_readings (id, pregnancy_id, reading_date, reading_time, reading_date_time, systolic, diastolic, gestational_age_days, status, source, created_at, updated_at) VALUES ('141ebdcb-5cb4-4e89-b008-b651669d0db6', '5d601ee5-12a2-44b3-bd5a-ba0ab54b6c0d', '2026-03-22', '08:00:00', '2026-03-22T18:53:31.716Z', 151, 80, 147, 'attention', 'physician', NOW(), NOW()) ON CONFLICT DO NOTHING;
INSERT INTO glucose_readings (id, pregnancy_id, reading_date, reading_time, reading_date_time, measurement_type, glucose_value, status, source, created_at, updated_at) VALUES ('978abd45-b5ea-4b91-8018-232987d835ee', '5d601ee5-12a2-44b3-bd5a-ba0ab54b6c0d', '2026-04-12', '07:00:00', '2026-04-12T18:53:31.716Z', 'fasting', 93, 'normal', 'physician', NOW(), NOW()) ON CONFLICT DO NOTHING;
INSERT INTO glucose_readings (id, pregnancy_id, reading_date, reading_time, reading_date_time, measurement_type, glucose_value, status, source, created_at, updated_at) VALUES ('e8a80e16-7892-44b8-a704-9f6b0c5fa4be', '5d601ee5-12a2-44b3-bd5a-ba0ab54b6c0d', '2026-04-10', '07:00:00', '2026-04-10T18:53:31.716Z', 'fasting', 87, 'normal', 'physician', NOW(), NOW()) ON CONFLICT DO NOTHING;
INSERT INTO glucose_readings (id, pregnancy_id, reading_date, reading_time, reading_date_time, measurement_type, glucose_value, status, source, created_at, updated_at) VALUES ('6f87c395-19af-4257-989c-a2fdc6f6a2b0', '5d601ee5-12a2-44b3-bd5a-ba0ab54b6c0d', '2026-04-08', '07:00:00', '2026-04-08T18:53:31.716Z', 'fasting', 85, 'normal', 'physician', NOW(), NOW()) ON CONFLICT DO NOTHING;
INSERT INTO glucose_readings (id, pregnancy_id, reading_date, reading_time, reading_date_time, measurement_type, glucose_value, status, source, created_at, updated_at) VALUES ('033c6604-b17d-4168-a18a-a9e9b24a207d', '5d601ee5-12a2-44b3-bd5a-ba0ab54b6c0d', '2026-04-06', '07:00:00', '2026-04-06T18:53:31.716Z', 'fasting', 123, 'attention', 'physician', NOW(), NOW()) ON CONFLICT DO NOTHING;
INSERT INTO glucose_readings (id, pregnancy_id, reading_date, reading_time, reading_date_time, measurement_type, glucose_value, status, source, created_at, updated_at) VALUES ('76527881-8725-43c6-95d1-90c4873a2714', '5d601ee5-12a2-44b3-bd5a-ba0ab54b6c0d', '2026-04-04', '07:00:00', '2026-04-04T18:53:31.716Z', 'fasting', 119, 'attention', 'physician', NOW(), NOW()) ON CONFLICT DO NOTHING;
INSERT INTO glucose_readings (id, pregnancy_id, reading_date, reading_time, reading_date_time, measurement_type, glucose_value, status, source, created_at, updated_at) VALUES ('ed3e64e8-bd30-4969-ae57-de7569aeb541', '5d601ee5-12a2-44b3-bd5a-ba0ab54b6c0d', '2026-04-02', '07:00:00', '2026-04-02T18:53:31.716Z', 'fasting', 103, 'attention', 'physician', NOW(), NOW()) ON CONFLICT DO NOTHING;
INSERT INTO glucose_readings (id, pregnancy_id, reading_date, reading_time, reading_date_time, measurement_type, glucose_value, status, source, created_at, updated_at) VALUES ('8196e190-9e73-4f66-9041-887270c7b0b4', '5d601ee5-12a2-44b3-bd5a-ba0ab54b6c0d', '2026-03-31', '07:00:00', '2026-03-31T18:53:31.716Z', 'fasting', 115, 'attention', 'physician', NOW(), NOW()) ON CONFLICT DO NOTHING;
INSERT INTO glucose_readings (id, pregnancy_id, reading_date, reading_time, reading_date_time, measurement_type, glucose_value, status, source, created_at, updated_at) VALUES ('061d6cbd-3129-48bf-9d25-dd1be9bf2aa4', '5d601ee5-12a2-44b3-bd5a-ba0ab54b6c0d', '2026-03-29', '07:00:00', '2026-03-29T18:53:31.716Z', 'fasting', 89, 'normal', 'physician', NOW(), NOW()) ON CONFLICT DO NOTHING;
INSERT INTO glucose_readings (id, pregnancy_id, reading_date, reading_time, reading_date_time, measurement_type, glucose_value, status, source, created_at, updated_at) VALUES ('bb842b36-5648-46a3-80dd-0b1081fa0d38', '5d601ee5-12a2-44b3-bd5a-ba0ab54b6c0d', '2026-03-27', '07:00:00', '2026-03-27T18:53:31.716Z', 'fasting', 117, 'attention', 'physician', NOW(), NOW()) ON CONFLICT DO NOTHING;
INSERT INTO glucose_readings (id, pregnancy_id, reading_date, reading_time, reading_date_time, measurement_type, glucose_value, status, source, created_at, updated_at) VALUES ('a36fff41-fbeb-4bb2-a22a-89ffa1eafcb0', '5d601ee5-12a2-44b3-bd5a-ba0ab54b6c0d', '2026-03-25', '07:00:00', '2026-03-25T18:53:31.716Z', 'fasting', 107, 'attention', 'physician', NOW(), NOW()) ON CONFLICT DO NOTHING;
INSERT INTO pregnancies (id, patient_id, lmp_date, edd, ga_method, status, is_high_risk, high_risk_flags, gravida, para, abortus, created_at, updated_at) VALUES ('95ab5df2-a964-46f0-b059-cd3ae41968fe', '59b798d5-a6ab-495b-931b-8691ac658a5d', '2025-09-21', '2026-06-28', 'lmp', 'active', true, '{"preeclampsia","hipertensao"}', 2, 0, 0, NOW(), NOW()) ON CONFLICT DO NOTHING;
INSERT INTO consultations (id, pregnancy_id, date, gestational_age_days, weight_kg, bp_systolic, bp_diastolic, fetal_heart_rate, fundal_height_cm, created_at, updated_at) VALUES ('2defe7f0-0326-4a6e-86c1-d58502ede03a', '95ab5df2-a964-46f0-b059-cd3ae41968fe', '2025-12-14', 84, 55.0, 110, 99, 159, 12, NOW(), NOW()) ON CONFLICT DO NOTHING;
INSERT INTO consultations (id, pregnancy_id, date, gestational_age_days, weight_kg, bp_systolic, bp_diastolic, fetal_heart_rate, fundal_height_cm, created_at, updated_at) VALUES ('5d2fded1-4307-47ba-8266-c4dbbbab5e78', '95ab5df2-a964-46f0-b059-cd3ae41968fe', '2026-01-11', 112, 75.5, 140, 104, 130, 16, NOW(), NOW()) ON CONFLICT DO NOTHING;
INSERT INTO consultations (id, pregnancy_id, date, gestational_age_days, weight_kg, bp_systolic, bp_diastolic, fetal_heart_rate, fundal_height_cm, created_at, updated_at) VALUES ('2a0b8f89-1e80-413f-b8de-2a24714a732a', '95ab5df2-a964-46f0-b059-cd3ae41968fe', '2026-02-08', 140, 74.0, 116, 90, 135, 20, NOW(), NOW()) ON CONFLICT DO NOTHING;
INSERT INTO consultations (id, pregnancy_id, date, gestational_age_days, weight_kg, bp_systolic, bp_diastolic, fetal_heart_rate, fundal_height_cm, created_at, updated_at) VALUES ('a533348d-8e37-44df-9dd1-975f8d07fc4f', '95ab5df2-a964-46f0-b059-cd3ae41968fe', '2026-03-08', 168, 61.5, 140, 77, 144, 24, NOW(), NOW()) ON CONFLICT DO NOTHING;
INSERT INTO bp_readings (id, pregnancy_id, reading_date, reading_time, reading_date_time, systolic, diastolic, gestational_age_days, status, source, created_at, updated_at) VALUES ('74245302-880b-4659-b81a-d23896e3f2e3', '95ab5df2-a964-46f0-b059-cd3ae41968fe', '2026-04-12', '08:00:00', '2026-04-12T18:53:31.716Z', 155, 91, 203, 'attention', 'physician', NOW(), NOW()) ON CONFLICT DO NOTHING;
INSERT INTO bp_readings (id, pregnancy_id, reading_date, reading_time, reading_date_time, systolic, diastolic, gestational_age_days, status, source, created_at, updated_at) VALUES ('1e76ada3-d36f-401e-ae62-758667876c2a', '95ab5df2-a964-46f0-b059-cd3ae41968fe', '2026-04-09', '08:00:00', '2026-04-09T18:53:31.716Z', 140, 86, 200, 'attention', 'physician', NOW(), NOW()) ON CONFLICT DO NOTHING;
INSERT INTO bp_readings (id, pregnancy_id, reading_date, reading_time, reading_date_time, systolic, diastolic, gestational_age_days, status, source, created_at, updated_at) VALUES ('817b1e89-2b35-4854-9673-2d98e34bfcee', '95ab5df2-a964-46f0-b059-cd3ae41968fe', '2026-04-06', '08:00:00', '2026-04-06T18:53:31.716Z', 143, 90, 197, 'attention', 'physician', NOW(), NOW()) ON CONFLICT DO NOTHING;
INSERT INTO bp_readings (id, pregnancy_id, reading_date, reading_time, reading_date_time, systolic, diastolic, gestational_age_days, status, source, created_at, updated_at) VALUES ('f8618733-926b-478c-95ab-a69e05691ea9', '95ab5df2-a964-46f0-b059-cd3ae41968fe', '2026-04-03', '08:00:00', '2026-04-03T18:53:31.716Z', 141, 83, 194, 'attention', 'physician', NOW(), NOW()) ON CONFLICT DO NOTHING;
INSERT INTO bp_readings (id, pregnancy_id, reading_date, reading_time, reading_date_time, systolic, diastolic, gestational_age_days, status, source, created_at, updated_at) VALUES ('e293de30-81db-4511-9611-4df8858a3f80', '95ab5df2-a964-46f0-b059-cd3ae41968fe', '2026-03-31', '08:00:00', '2026-03-31T18:53:31.716Z', 158, 96, 191, 'attention', 'physician', NOW(), NOW()) ON CONFLICT DO NOTHING;
INSERT INTO bp_readings (id, pregnancy_id, reading_date, reading_time, reading_date_time, systolic, diastolic, gestational_age_days, status, source, created_at, updated_at) VALUES ('3d9e9b09-9a4b-4b88-9073-0cd8f64b51e8', '95ab5df2-a964-46f0-b059-cd3ae41968fe', '2026-03-28', '08:00:00', '2026-03-28T18:53:31.716Z', 150, 84, 188, 'attention', 'physician', NOW(), NOW()) ON CONFLICT DO NOTHING;
INSERT INTO bp_readings (id, pregnancy_id, reading_date, reading_time, reading_date_time, systolic, diastolic, gestational_age_days, status, source, created_at, updated_at) VALUES ('ef7b1949-4d3e-4a31-90c1-74d1ab426251', '95ab5df2-a964-46f0-b059-cd3ae41968fe', '2026-03-25', '08:00:00', '2026-03-25T18:53:31.716Z', 150, 86, 185, 'attention', 'physician', NOW(), NOW()) ON CONFLICT DO NOTHING;
INSERT INTO bp_readings (id, pregnancy_id, reading_date, reading_time, reading_date_time, systolic, diastolic, gestational_age_days, status, source, created_at, updated_at) VALUES ('0c214f43-e701-4209-bb60-26f89917f244', '95ab5df2-a964-46f0-b059-cd3ae41968fe', '2026-03-22', '08:00:00', '2026-03-22T18:53:31.716Z', 135, 85, 182, 'normal', 'physician', NOW(), NOW()) ON CONFLICT DO NOTHING;
INSERT INTO glucose_readings (id, pregnancy_id, reading_date, reading_time, reading_date_time, measurement_type, glucose_value, status, source, created_at, updated_at) VALUES ('9cc228f1-aa3d-4430-94ad-cfee4f110fea', '95ab5df2-a964-46f0-b059-cd3ae41968fe', '2026-04-12', '07:00:00', '2026-04-12T18:53:31.716Z', 'fasting', 95, 'normal', 'physician', NOW(), NOW()) ON CONFLICT DO NOTHING;
INSERT INTO glucose_readings (id, pregnancy_id, reading_date, reading_time, reading_date_time, measurement_type, glucose_value, status, source, created_at, updated_at) VALUES ('0694574f-cd0f-434f-91bf-59859a299680', '95ab5df2-a964-46f0-b059-cd3ae41968fe', '2026-04-10', '07:00:00', '2026-04-10T18:53:31.716Z', 'fasting', 96, 'attention', 'physician', NOW(), NOW()) ON CONFLICT DO NOTHING;
INSERT INTO glucose_readings (id, pregnancy_id, reading_date, reading_time, reading_date_time, measurement_type, glucose_value, status, source, created_at, updated_at) VALUES ('1112d2c1-6b91-4e2f-9dff-df791cae62a6', '95ab5df2-a964-46f0-b059-cd3ae41968fe', '2026-04-08', '07:00:00', '2026-04-08T18:53:31.716Z', 'fasting', 110, 'attention', 'physician', NOW(), NOW()) ON CONFLICT DO NOTHING;
INSERT INTO glucose_readings (id, pregnancy_id, reading_date, reading_time, reading_date_time, measurement_type, glucose_value, status, source, created_at, updated_at) VALUES ('932d1d1a-efb8-4710-ba57-7e293784c6a1', '95ab5df2-a964-46f0-b059-cd3ae41968fe', '2026-04-06', '07:00:00', '2026-04-06T18:53:31.716Z', 'fasting', 100, 'attention', 'physician', NOW(), NOW()) ON CONFLICT DO NOTHING;
INSERT INTO glucose_readings (id, pregnancy_id, reading_date, reading_time, reading_date_time, measurement_type, glucose_value, status, source, created_at, updated_at) VALUES ('a4cc1e1a-14a0-4074-a51a-519f572aa7d1', '95ab5df2-a964-46f0-b059-cd3ae41968fe', '2026-04-04', '07:00:00', '2026-04-04T18:53:31.716Z', 'fasting', 114, 'attention', 'physician', NOW(), NOW()) ON CONFLICT DO NOTHING;
INSERT INTO glucose_readings (id, pregnancy_id, reading_date, reading_time, reading_date_time, measurement_type, glucose_value, status, source, created_at, updated_at) VALUES ('efa802f4-36f8-4cde-8f7e-5b8b93cf4965', '95ab5df2-a964-46f0-b059-cd3ae41968fe', '2026-04-02', '07:00:00', '2026-04-02T18:53:31.716Z', 'fasting', 118, 'attention', 'physician', NOW(), NOW()) ON CONFLICT DO NOTHING;
INSERT INTO glucose_readings (id, pregnancy_id, reading_date, reading_time, reading_date_time, measurement_type, glucose_value, status, source, created_at, updated_at) VALUES ('cdca2da3-fea0-4967-9e22-c1ddf4808cfa', '95ab5df2-a964-46f0-b059-cd3ae41968fe', '2026-03-31', '07:00:00', '2026-03-31T18:53:31.716Z', 'fasting', 106, 'attention', 'physician', NOW(), NOW()) ON CONFLICT DO NOTHING;
INSERT INTO glucose_readings (id, pregnancy_id, reading_date, reading_time, reading_date_time, measurement_type, glucose_value, status, source, created_at, updated_at) VALUES ('dbbdee3b-c24e-4fb2-ba8b-caa9efef1cf0', '95ab5df2-a964-46f0-b059-cd3ae41968fe', '2026-03-29', '07:00:00', '2026-03-29T18:53:31.717Z', 'fasting', 89, 'normal', 'physician', NOW(), NOW()) ON CONFLICT DO NOTHING;
INSERT INTO glucose_readings (id, pregnancy_id, reading_date, reading_time, reading_date_time, measurement_type, glucose_value, status, source, created_at, updated_at) VALUES ('50356f14-2d5e-45b5-b9fe-578281a1a76c', '95ab5df2-a964-46f0-b059-cd3ae41968fe', '2026-03-27', '07:00:00', '2026-03-27T18:53:31.717Z', 'fasting', 99, 'attention', 'physician', NOW(), NOW()) ON CONFLICT DO NOTHING;
INSERT INTO glucose_readings (id, pregnancy_id, reading_date, reading_time, reading_date_time, measurement_type, glucose_value, status, source, created_at, updated_at) VALUES ('ea80b78e-f7f4-47ed-88d5-4157ac312ace', '95ab5df2-a964-46f0-b059-cd3ae41968fe', '2026-03-25', '07:00:00', '2026-03-25T18:53:31.717Z', 'fasting', 102, 'attention', 'physician', NOW(), NOW()) ON CONFLICT DO NOTHING;
INSERT INTO pregnancies (id, patient_id, lmp_date, edd, ga_method, status, is_high_risk, high_risk_flags, gravida, para, abortus, created_at, updated_at) VALUES ('aaee62cc-dfe7-4930-a4d5-bd4523260fe9', '489d13e7-8b39-4bf8-b2bd-9dfaf6f88778', '2025-09-21', '2026-06-28', 'lmp', 'active', true, '{"preeclampsia","hipertensao"}', 3, 0, 0, NOW(), NOW()) ON CONFLICT DO NOTHING;
INSERT INTO consultations (id, pregnancy_id, date, gestational_age_days, weight_kg, bp_systolic, bp_diastolic, fetal_heart_rate, fundal_height_cm, created_at, updated_at) VALUES ('ed593e2c-81eb-4301-9161-9caae258a63a', 'aaee62cc-dfe7-4930-a4d5-bd4523260fe9', '2025-12-14', 84, 66.0, 114, 100, 120, 12, NOW(), NOW()) ON CONFLICT DO NOTHING;
INSERT INTO consultations (id, pregnancy_id, date, gestational_age_days, weight_kg, bp_systolic, bp_diastolic, fetal_heart_rate, fundal_height_cm, created_at, updated_at) VALUES ('0631b819-5abf-421f-ab00-feaa463c66aa', 'aaee62cc-dfe7-4930-a4d5-bd4523260fe9', '2026-01-11', 112, 65.5, 145, 70, 153, 16, NOW(), NOW()) ON CONFLICT DO NOTHING;
INSERT INTO consultations (id, pregnancy_id, date, gestational_age_days, weight_kg, bp_systolic, bp_diastolic, fetal_heart_rate, fundal_height_cm, created_at, updated_at) VALUES ('50f7a34d-13e5-4d27-95aa-5e00338a9d16', 'aaee62cc-dfe7-4930-a4d5-bd4523260fe9', '2026-02-08', 140, 59.0, 141, 105, 143, 20, NOW(), NOW()) ON CONFLICT DO NOTHING;
INSERT INTO consultations (id, pregnancy_id, date, gestational_age_days, weight_kg, bp_systolic, bp_diastolic, fetal_heart_rate, fundal_height_cm, created_at, updated_at) VALUES ('ad7b349f-6ddf-422e-9027-029939f69bd0', 'aaee62cc-dfe7-4930-a4d5-bd4523260fe9', '2026-03-08', 168, 68.5, 147, 63, 136, 24, NOW(), NOW()) ON CONFLICT DO NOTHING;
INSERT INTO consultations (id, pregnancy_id, date, gestational_age_days, weight_kg, bp_systolic, bp_diastolic, fetal_heart_rate, fundal_height_cm, created_at, updated_at) VALUES ('26e47dff-4a97-49bc-9e75-f017c746b70f', 'aaee62cc-dfe7-4930-a4d5-bd4523260fe9', '2026-04-05', 196, 84.0, 113, 109, 143, 28, NOW(), NOW()) ON CONFLICT DO NOTHING;
INSERT INTO bp_readings (id, pregnancy_id, reading_date, reading_time, reading_date_time, systolic, diastolic, gestational_age_days, status, source, created_at, updated_at) VALUES ('85ec3b31-2c02-4ff3-8c20-4cbd9cc75339', 'aaee62cc-dfe7-4930-a4d5-bd4523260fe9', '2026-04-12', '08:00:00', '2026-04-12T18:53:31.717Z', 159, 98, 203, 'attention', 'physician', NOW(), NOW()) ON CONFLICT DO NOTHING;
INSERT INTO bp_readings (id, pregnancy_id, reading_date, reading_time, reading_date_time, systolic, diastolic, gestational_age_days, status, source, created_at, updated_at) VALUES ('b4d65da8-6d2f-4d30-a3e9-695c42439f8f', 'aaee62cc-dfe7-4930-a4d5-bd4523260fe9', '2026-04-09', '08:00:00', '2026-04-09T18:53:31.717Z', 146, 99, 200, 'attention', 'physician', NOW(), NOW()) ON CONFLICT DO NOTHING;
INSERT INTO bp_readings (id, pregnancy_id, reading_date, reading_time, reading_date_time, systolic, diastolic, gestational_age_days, status, source, created_at, updated_at) VALUES ('97065d27-4982-448f-a24e-e978375ccf35', 'aaee62cc-dfe7-4930-a4d5-bd4523260fe9', '2026-04-06', '08:00:00', '2026-04-06T18:53:31.717Z', 155, 84, 197, 'attention', 'physician', NOW(), NOW()) ON CONFLICT DO NOTHING;
INSERT INTO bp_readings (id, pregnancy_id, reading_date, reading_time, reading_date_time, systolic, diastolic, gestational_age_days, status, source, created_at, updated_at) VALUES ('3e8cff49-5acf-44f1-809c-9a8700a9f926', 'aaee62cc-dfe7-4930-a4d5-bd4523260fe9', '2026-04-03', '08:00:00', '2026-04-03T18:53:31.717Z', 147, 84, 194, 'attention', 'physician', NOW(), NOW()) ON CONFLICT DO NOTHING;
INSERT INTO bp_readings (id, pregnancy_id, reading_date, reading_time, reading_date_time, systolic, diastolic, gestational_age_days, status, source, created_at, updated_at) VALUES ('6cf80d25-aaac-459f-a503-1a30392a87b6', 'aaee62cc-dfe7-4930-a4d5-bd4523260fe9', '2026-03-31', '08:00:00', '2026-03-31T18:53:31.717Z', 155, 86, 191, 'attention', 'physician', NOW(), NOW()) ON CONFLICT DO NOTHING;
INSERT INTO bp_readings (id, pregnancy_id, reading_date, reading_time, reading_date_time, systolic, diastolic, gestational_age_days, status, source, created_at, updated_at) VALUES ('c4b70fdf-4c97-4525-b9b3-462b4d9c6b5d', 'aaee62cc-dfe7-4930-a4d5-bd4523260fe9', '2026-03-28', '08:00:00', '2026-03-28T18:53:31.717Z', 142, 95, 188, 'attention', 'physician', NOW(), NOW()) ON CONFLICT DO NOTHING;
INSERT INTO bp_readings (id, pregnancy_id, reading_date, reading_time, reading_date_time, systolic, diastolic, gestational_age_days, status, source, created_at, updated_at) VALUES ('25301a0f-1d9a-4859-8990-f3e904253892', 'aaee62cc-dfe7-4930-a4d5-bd4523260fe9', '2026-03-25', '08:00:00', '2026-03-25T18:53:31.717Z', 144, 81, 185, 'attention', 'physician', NOW(), NOW()) ON CONFLICT DO NOTHING;
INSERT INTO bp_readings (id, pregnancy_id, reading_date, reading_time, reading_date_time, systolic, diastolic, gestational_age_days, status, source, created_at, updated_at) VALUES ('7495a43e-cbd6-4532-8b5b-f2718ee6e74f', 'aaee62cc-dfe7-4930-a4d5-bd4523260fe9', '2026-03-22', '08:00:00', '2026-03-22T18:53:31.717Z', 138, 98, 182, 'normal', 'physician', NOW(), NOW()) ON CONFLICT DO NOTHING;
INSERT INTO pregnancies (id, patient_id, lmp_date, edd, ga_method, status, is_high_risk, high_risk_flags, gravida, para, abortus, created_at, updated_at) VALUES ('dde62f59-eef2-4a4b-a83a-f3a98dc99cde', 'ee449bc2-6dd5-4de4-ae71-15390e025c4b', '2025-09-07', '2026-06-14', 'lmp', 'active', true, '{"diabetes","dmg"}', 3, 1, 0, NOW(), NOW()) ON CONFLICT DO NOTHING;
INSERT INTO consultations (id, pregnancy_id, date, gestational_age_days, weight_kg, bp_systolic, bp_diastolic, fetal_heart_rate, fundal_height_cm, created_at, updated_at) VALUES ('028e14f7-2142-45bb-a94d-3145ab1669ba', 'dde62f59-eef2-4a4b-a83a-f3a98dc99cde', '2025-11-30', 84, 68.0, 168, 105, 147, 12, NOW(), NOW()) ON CONFLICT DO NOTHING;
INSERT INTO consultations (id, pregnancy_id, date, gestational_age_days, weight_kg, bp_systolic, bp_diastolic, fetal_heart_rate, fundal_height_cm, created_at, updated_at) VALUES ('2964fba6-7f95-4b36-9261-5fac4d88082d', 'dde62f59-eef2-4a4b-a83a-f3a98dc99cde', '2025-12-28', 112, 66.5, 144, 95, 159, 16, NOW(), NOW()) ON CONFLICT DO NOTHING;
INSERT INTO consultations (id, pregnancy_id, date, gestational_age_days, weight_kg, bp_systolic, bp_diastolic, fetal_heart_rate, fundal_height_cm, created_at, updated_at) VALUES ('17e201c1-f25e-4017-aa79-19ad781cf825', 'dde62f59-eef2-4a4b-a83a-f3a98dc99cde', '2026-01-25', 140, 73.0, 154, 102, 154, 20, NOW(), NOW()) ON CONFLICT DO NOTHING;
INSERT INTO consultations (id, pregnancy_id, date, gestational_age_days, weight_kg, bp_systolic, bp_diastolic, fetal_heart_rate, fundal_height_cm, created_at, updated_at) VALUES ('bed7cf11-94d5-4b84-a570-e5f7a076e91f', 'dde62f59-eef2-4a4b-a83a-f3a98dc99cde', '2026-02-22', 168, 62.5, 126, 102, 135, 24, NOW(), NOW()) ON CONFLICT DO NOTHING;
INSERT INTO bp_readings (id, pregnancy_id, reading_date, reading_time, reading_date_time, systolic, diastolic, gestational_age_days, status, source, created_at, updated_at) VALUES ('2d13a3c5-c86b-4873-bc3f-cca5de5c7a3d', 'dde62f59-eef2-4a4b-a83a-f3a98dc99cde', '2026-04-12', '08:00:00', '2026-04-12T18:53:31.717Z', 147, 95, 217, 'attention', 'physician', NOW(), NOW()) ON CONFLICT DO NOTHING;
INSERT INTO bp_readings (id, pregnancy_id, reading_date, reading_time, reading_date_time, systolic, diastolic, gestational_age_days, status, source, created_at, updated_at) VALUES ('02eb5ed1-22d0-454b-8ebe-e5eb48ed90f3', 'dde62f59-eef2-4a4b-a83a-f3a98dc99cde', '2026-04-09', '08:00:00', '2026-04-09T18:53:31.717Z', 151, 97, 214, 'attention', 'physician', NOW(), NOW()) ON CONFLICT DO NOTHING;
INSERT INTO bp_readings (id, pregnancy_id, reading_date, reading_time, reading_date_time, systolic, diastolic, gestational_age_days, status, source, created_at, updated_at) VALUES ('56238634-b164-4686-861b-092400e9ef38', 'dde62f59-eef2-4a4b-a83a-f3a98dc99cde', '2026-04-06', '08:00:00', '2026-04-06T18:53:31.717Z', 140, 81, 211, 'attention', 'physician', NOW(), NOW()) ON CONFLICT DO NOTHING;
INSERT INTO bp_readings (id, pregnancy_id, reading_date, reading_time, reading_date_time, systolic, diastolic, gestational_age_days, status, source, created_at, updated_at) VALUES ('9716cffb-1193-42b1-9109-a3aa44a58835', 'dde62f59-eef2-4a4b-a83a-f3a98dc99cde', '2026-04-03', '08:00:00', '2026-04-03T18:53:31.717Z', 153, 86, 208, 'attention', 'physician', NOW(), NOW()) ON CONFLICT DO NOTHING;
INSERT INTO bp_readings (id, pregnancy_id, reading_date, reading_time, reading_date_time, systolic, diastolic, gestational_age_days, status, source, created_at, updated_at) VALUES ('f8c1dc5f-2618-4a43-8d9e-888a8ca73239', 'dde62f59-eef2-4a4b-a83a-f3a98dc99cde', '2026-03-31', '08:00:00', '2026-03-31T18:53:31.717Z', 153, 96, 205, 'attention', 'physician', NOW(), NOW()) ON CONFLICT DO NOTHING;
INSERT INTO bp_readings (id, pregnancy_id, reading_date, reading_time, reading_date_time, systolic, diastolic, gestational_age_days, status, source, created_at, updated_at) VALUES ('2deb4416-10ed-408c-b486-7689ae98867c', 'dde62f59-eef2-4a4b-a83a-f3a98dc99cde', '2026-03-28', '08:00:00', '2026-03-28T18:53:31.717Z', 142, 81, 202, 'attention', 'physician', NOW(), NOW()) ON CONFLICT DO NOTHING;
INSERT INTO bp_readings (id, pregnancy_id, reading_date, reading_time, reading_date_time, systolic, diastolic, gestational_age_days, status, source, created_at, updated_at) VALUES ('ced302f2-bf25-4c76-a71c-12617cf5d275', 'dde62f59-eef2-4a4b-a83a-f3a98dc99cde', '2026-03-25', '08:00:00', '2026-03-25T18:53:31.717Z', 159, 84, 199, 'attention', 'physician', NOW(), NOW()) ON CONFLICT DO NOTHING;
INSERT INTO bp_readings (id, pregnancy_id, reading_date, reading_time, reading_date_time, systolic, diastolic, gestational_age_days, status, source, created_at, updated_at) VALUES ('cf833323-b6d7-472b-b85b-2eda9ac7d5ae', 'dde62f59-eef2-4a4b-a83a-f3a98dc99cde', '2026-03-22', '08:00:00', '2026-03-22T18:53:31.717Z', 146, 90, 196, 'attention', 'physician', NOW(), NOW()) ON CONFLICT DO NOTHING;
INSERT INTO pregnancies (id, patient_id, lmp_date, edd, ga_method, status, is_high_risk, high_risk_flags, gravida, para, abortus, created_at, updated_at) VALUES ('e2766964-f4b1-4842-9ae9-0a6a36576d12', 'e1841b8b-1fdb-4a58-981a-d2ec969bcba9', '2025-09-07', '2026-06-14', 'lmp', 'active', true, '{"preeclampsia","hipertensao"}', 1, 1, 0, NOW(), NOW()) ON CONFLICT DO NOTHING;
INSERT INTO consultations (id, pregnancy_id, date, gestational_age_days, weight_kg, bp_systolic, bp_diastolic, fetal_heart_rate, fundal_height_cm, created_at, updated_at) VALUES ('e2f6c370-7d02-41cd-b3ce-b24a47cdf905', 'e2766964-f4b1-4842-9ae9-0a6a36576d12', '2025-11-30', 84, 77.0, 145, 104, 121, 12, NOW(), NOW()) ON CONFLICT DO NOTHING;
INSERT INTO consultations (id, pregnancy_id, date, gestational_age_days, weight_kg, bp_systolic, bp_diastolic, fetal_heart_rate, fundal_height_cm, created_at, updated_at) VALUES ('02c81084-2028-4663-91b2-82e706970cf8', 'e2766964-f4b1-4842-9ae9-0a6a36576d12', '2025-12-28', 112, 57.5, 165, 106, 136, 16, NOW(), NOW()) ON CONFLICT DO NOTHING;
INSERT INTO consultations (id, pregnancy_id, date, gestational_age_days, weight_kg, bp_systolic, bp_diastolic, fetal_heart_rate, fundal_height_cm, created_at, updated_at) VALUES ('309ec240-0fae-4ece-8975-790669b59ac7', 'e2766964-f4b1-4842-9ae9-0a6a36576d12', '2026-01-25', 140, 79.0, 149, 99, 124, 20, NOW(), NOW()) ON CONFLICT DO NOTHING;
INSERT INTO consultations (id, pregnancy_id, date, gestational_age_days, weight_kg, bp_systolic, bp_diastolic, fetal_heart_rate, fundal_height_cm, created_at, updated_at) VALUES ('bf0df9d5-6475-408f-91b0-460f1154f492', 'e2766964-f4b1-4842-9ae9-0a6a36576d12', '2026-02-22', 168, 73.5, 154, 62, 130, 24, NOW(), NOW()) ON CONFLICT DO NOTHING;
INSERT INTO consultations (id, pregnancy_id, date, gestational_age_days, weight_kg, bp_systolic, bp_diastolic, fetal_heart_rate, fundal_height_cm, created_at, updated_at) VALUES ('cb26a9ff-55ca-463d-9843-0bde2f2cfd1b', 'e2766964-f4b1-4842-9ae9-0a6a36576d12', '2026-03-22', 196, 78.0, 111, 63, 151, 28, NOW(), NOW()) ON CONFLICT DO NOTHING;
INSERT INTO bp_readings (id, pregnancy_id, reading_date, reading_time, reading_date_time, systolic, diastolic, gestational_age_days, status, source, created_at, updated_at) VALUES ('5ee55eb4-cce5-460e-9705-7c456053552e', 'e2766964-f4b1-4842-9ae9-0a6a36576d12', '2026-04-12', '08:00:00', '2026-04-12T18:53:31.717Z', 145, 95, 217, 'attention', 'physician', NOW(), NOW()) ON CONFLICT DO NOTHING;
INSERT INTO bp_readings (id, pregnancy_id, reading_date, reading_time, reading_date_time, systolic, diastolic, gestational_age_days, status, source, created_at, updated_at) VALUES ('22c13d22-02ac-4fb5-836c-c548007203ca', 'e2766964-f4b1-4842-9ae9-0a6a36576d12', '2026-04-09', '08:00:00', '2026-04-09T18:53:31.717Z', 155, 84, 214, 'attention', 'physician', NOW(), NOW()) ON CONFLICT DO NOTHING;
INSERT INTO bp_readings (id, pregnancy_id, reading_date, reading_time, reading_date_time, systolic, diastolic, gestational_age_days, status, source, created_at, updated_at) VALUES ('3820138d-b4cc-4a67-af03-782c0096eef3', 'e2766964-f4b1-4842-9ae9-0a6a36576d12', '2026-04-06', '08:00:00', '2026-04-06T18:53:31.719Z', 131, 90, 211, 'normal', 'physician', NOW(), NOW()) ON CONFLICT DO NOTHING;
INSERT INTO bp_readings (id, pregnancy_id, reading_date, reading_time, reading_date_time, systolic, diastolic, gestational_age_days, status, source, created_at, updated_at) VALUES ('994af478-c9a6-478d-a1eb-d58aaf7f311d', 'e2766964-f4b1-4842-9ae9-0a6a36576d12', '2026-04-03', '08:00:00', '2026-04-03T18:53:31.719Z', 133, 84, 208, 'normal', 'physician', NOW(), NOW()) ON CONFLICT DO NOTHING;
INSERT INTO bp_readings (id, pregnancy_id, reading_date, reading_time, reading_date_time, systolic, diastolic, gestational_age_days, status, source, created_at, updated_at) VALUES ('9f0d0f97-42fb-4a2f-90a1-ebfee627f780', 'e2766964-f4b1-4842-9ae9-0a6a36576d12', '2026-03-31', '08:00:00', '2026-03-31T18:53:31.719Z', 143, 87, 205, 'attention', 'physician', NOW(), NOW()) ON CONFLICT DO NOTHING;
INSERT INTO bp_readings (id, pregnancy_id, reading_date, reading_time, reading_date_time, systolic, diastolic, gestational_age_days, status, source, created_at, updated_at) VALUES ('8737f33b-112f-4567-b011-b49122f580b2', 'e2766964-f4b1-4842-9ae9-0a6a36576d12', '2026-03-28', '08:00:00', '2026-03-28T18:53:31.719Z', 138, 85, 202, 'normal', 'physician', NOW(), NOW()) ON CONFLICT DO NOTHING;
INSERT INTO bp_readings (id, pregnancy_id, reading_date, reading_time, reading_date_time, systolic, diastolic, gestational_age_days, status, source, created_at, updated_at) VALUES ('3d3d8f73-ce1f-4b5c-b468-d95eb5d41635', 'e2766964-f4b1-4842-9ae9-0a6a36576d12', '2026-03-25', '08:00:00', '2026-03-25T18:53:31.719Z', 157, 90, 199, 'attention', 'physician', NOW(), NOW()) ON CONFLICT DO NOTHING;
INSERT INTO bp_readings (id, pregnancy_id, reading_date, reading_time, reading_date_time, systolic, diastolic, gestational_age_days, status, source, created_at, updated_at) VALUES ('a439e32a-325d-42bd-ab5a-b2cc0b00af10', 'e2766964-f4b1-4842-9ae9-0a6a36576d12', '2026-03-22', '08:00:00', '2026-03-22T18:53:31.719Z', 139, 94, 196, 'normal', 'physician', NOW(), NOW()) ON CONFLICT DO NOTHING;
INSERT INTO glucose_readings (id, pregnancy_id, reading_date, reading_time, reading_date_time, measurement_type, glucose_value, status, source, created_at, updated_at) VALUES ('fb2e5bc5-4304-4a9f-ac08-eea504b7c7d4', 'e2766964-f4b1-4842-9ae9-0a6a36576d12', '2026-04-12', '07:00:00', '2026-04-12T18:53:31.719Z', 'fasting', 124, 'attention', 'physician', NOW(), NOW()) ON CONFLICT DO NOTHING;
INSERT INTO glucose_readings (id, pregnancy_id, reading_date, reading_time, reading_date_time, measurement_type, glucose_value, status, source, created_at, updated_at) VALUES ('39f78c14-751c-4133-b309-53fad0c1bb31', 'e2766964-f4b1-4842-9ae9-0a6a36576d12', '2026-04-10', '07:00:00', '2026-04-10T18:53:31.719Z', 'fasting', 109, 'attention', 'physician', NOW(), NOW()) ON CONFLICT DO NOTHING;
INSERT INTO glucose_readings (id, pregnancy_id, reading_date, reading_time, reading_date_time, measurement_type, glucose_value, status, source, created_at, updated_at) VALUES ('b45755b8-81b8-4c74-a569-1c18d43ffd9b', 'e2766964-f4b1-4842-9ae9-0a6a36576d12', '2026-04-08', '07:00:00', '2026-04-08T18:53:31.719Z', 'fasting', 88, 'normal', 'physician', NOW(), NOW()) ON CONFLICT DO NOTHING;
INSERT INTO glucose_readings (id, pregnancy_id, reading_date, reading_time, reading_date_time, measurement_type, glucose_value, status, source, created_at, updated_at) VALUES ('97bd3c35-a8a1-4201-a450-f64f4e004869', 'e2766964-f4b1-4842-9ae9-0a6a36576d12', '2026-04-06', '07:00:00', '2026-04-06T18:53:31.719Z', 'fasting', 94, 'normal', 'physician', NOW(), NOW()) ON CONFLICT DO NOTHING;
INSERT INTO glucose_readings (id, pregnancy_id, reading_date, reading_time, reading_date_time, measurement_type, glucose_value, status, source, created_at, updated_at) VALUES ('3aa806b5-e6ab-4674-8209-3450791c78f5', 'e2766964-f4b1-4842-9ae9-0a6a36576d12', '2026-04-04', '07:00:00', '2026-04-04T18:53:31.719Z', 'fasting', 118, 'attention', 'physician', NOW(), NOW()) ON CONFLICT DO NOTHING;
INSERT INTO glucose_readings (id, pregnancy_id, reading_date, reading_time, reading_date_time, measurement_type, glucose_value, status, source, created_at, updated_at) VALUES ('4ca21748-03dd-457f-a572-70c84c47ff76', 'e2766964-f4b1-4842-9ae9-0a6a36576d12', '2026-04-02', '07:00:00', '2026-04-02T18:53:31.719Z', 'fasting', 96, 'attention', 'physician', NOW(), NOW()) ON CONFLICT DO NOTHING;
INSERT INTO glucose_readings (id, pregnancy_id, reading_date, reading_time, reading_date_time, measurement_type, glucose_value, status, source, created_at, updated_at) VALUES ('efbafb6b-cb3b-4edd-bca0-d3f51a13b694', 'e2766964-f4b1-4842-9ae9-0a6a36576d12', '2026-03-31', '07:00:00', '2026-03-31T18:53:31.719Z', 'fasting', 115, 'attention', 'physician', NOW(), NOW()) ON CONFLICT DO NOTHING;
INSERT INTO glucose_readings (id, pregnancy_id, reading_date, reading_time, reading_date_time, measurement_type, glucose_value, status, source, created_at, updated_at) VALUES ('dcb43268-b8f3-4b90-a047-5ce45bb4c97a', 'e2766964-f4b1-4842-9ae9-0a6a36576d12', '2026-03-29', '07:00:00', '2026-03-29T18:53:31.719Z', 'fasting', 124, 'attention', 'physician', NOW(), NOW()) ON CONFLICT DO NOTHING;
INSERT INTO glucose_readings (id, pregnancy_id, reading_date, reading_time, reading_date_time, measurement_type, glucose_value, status, source, created_at, updated_at) VALUES ('e2f87f28-0342-4620-b1ac-a60fc6046610', 'e2766964-f4b1-4842-9ae9-0a6a36576d12', '2026-03-27', '07:00:00', '2026-03-27T18:53:31.719Z', 'fasting', 105, 'attention', 'physician', NOW(), NOW()) ON CONFLICT DO NOTHING;
INSERT INTO glucose_readings (id, pregnancy_id, reading_date, reading_time, reading_date_time, measurement_type, glucose_value, status, source, created_at, updated_at) VALUES ('dfc2e309-21f7-4e96-b1e6-358e9f961240', 'e2766964-f4b1-4842-9ae9-0a6a36576d12', '2026-03-25', '07:00:00', '2026-03-25T18:53:31.719Z', 'fasting', 103, 'attention', 'physician', NOW(), NOW()) ON CONFLICT DO NOTHING;
INSERT INTO pregnancies (id, patient_id, lmp_date, edd, ga_method, status, is_high_risk, high_risk_flags, gravida, para, abortus, created_at, updated_at) VALUES ('35f0426c-70dd-4b85-a4b3-502158410492', '8b0eab50-39b8-4a7a-ba5c-451e52a3e8ab', '2025-10-26', '2026-08-02', 'lmp', 'active', true, '{"diabetes","dmg"}', 1, 1, 0, NOW(), NOW()) ON CONFLICT DO NOTHING;
INSERT INTO consultations (id, pregnancy_id, date, gestational_age_days, weight_kg, bp_systolic, bp_diastolic, fetal_heart_rate, fundal_height_cm, created_at, updated_at) VALUES ('177f342b-ec6f-4f32-8d20-aae425551ae6', '35f0426c-70dd-4b85-a4b3-502158410492', '2026-01-18', 84, 76.0, 153, 99, 150, 12, NOW(), NOW()) ON CONFLICT DO NOTHING;
INSERT INTO consultations (id, pregnancy_id, date, gestational_age_days, weight_kg, bp_systolic, bp_diastolic, fetal_heart_rate, fundal_height_cm, created_at, updated_at) VALUES ('79b4457d-ebc8-4050-843f-69ba35fc3f1a', '35f0426c-70dd-4b85-a4b3-502158410492', '2026-02-15', 112, 64.5, 168, 104, 145, 16, NOW(), NOW()) ON CONFLICT DO NOTHING;
INSERT INTO consultations (id, pregnancy_id, date, gestational_age_days, weight_kg, bp_systolic, bp_diastolic, fetal_heart_rate, fundal_height_cm, created_at, updated_at) VALUES ('27968e21-1c92-4934-a464-f11678354968', '35f0426c-70dd-4b85-a4b3-502158410492', '2026-03-15', 140, 82.0, 147, 60, 152, 20, NOW(), NOW()) ON CONFLICT DO NOTHING;
INSERT INTO consultations (id, pregnancy_id, date, gestational_age_days, weight_kg, bp_systolic, bp_diastolic, fetal_heart_rate, fundal_height_cm, created_at, updated_at) VALUES ('d5fdd18f-9fc6-44eb-9f8c-18b0a0ef7098', '35f0426c-70dd-4b85-a4b3-502158410492', '2026-04-12', 168, 68.5, 143, 109, 130, 24, NOW(), NOW()) ON CONFLICT DO NOTHING;
INSERT INTO consultations (id, pregnancy_id, date, gestational_age_days, weight_kg, bp_systolic, bp_diastolic, fetal_heart_rate, fundal_height_cm, created_at, updated_at) VALUES ('55bcb880-d004-4b86-b523-3abae17e7874', '35f0426c-70dd-4b85-a4b3-502158410492', '2026-05-10', 196, 73.0, 121, 66, 131, 28, NOW(), NOW()) ON CONFLICT DO NOTHING;
INSERT INTO bp_readings (id, pregnancy_id, reading_date, reading_time, reading_date_time, systolic, diastolic, gestational_age_days, status, source, created_at, updated_at) VALUES ('f5d02b31-a0ea-4197-98c0-2a7caf0fbaa5', '35f0426c-70dd-4b85-a4b3-502158410492', '2026-04-12', '08:00:00', '2026-04-12T18:53:31.719Z', 134, 84, 168, 'normal', 'physician', NOW(), NOW()) ON CONFLICT DO NOTHING;
INSERT INTO bp_readings (id, pregnancy_id, reading_date, reading_time, reading_date_time, systolic, diastolic, gestational_age_days, status, source, created_at, updated_at) VALUES ('de0d21f7-c284-4a7a-8e4c-02cd707e1240', '35f0426c-70dd-4b85-a4b3-502158410492', '2026-04-09', '08:00:00', '2026-04-09T18:53:31.719Z', 147, 83, 165, 'attention', 'physician', NOW(), NOW()) ON CONFLICT DO NOTHING;
INSERT INTO bp_readings (id, pregnancy_id, reading_date, reading_time, reading_date_time, systolic, diastolic, gestational_age_days, status, source, created_at, updated_at) VALUES ('e142f042-e6d2-4bac-8a52-91549a7b06cd', '35f0426c-70dd-4b85-a4b3-502158410492', '2026-04-06', '08:00:00', '2026-04-06T18:53:31.719Z', 146, 93, 162, 'attention', 'physician', NOW(), NOW()) ON CONFLICT DO NOTHING;
INSERT INTO bp_readings (id, pregnancy_id, reading_date, reading_time, reading_date_time, systolic, diastolic, gestational_age_days, status, source, created_at, updated_at) VALUES ('a66a6437-12d6-4192-a343-a1f8e991c0bc', '35f0426c-70dd-4b85-a4b3-502158410492', '2026-04-03', '08:00:00', '2026-04-03T18:53:31.719Z', 156, 98, 159, 'attention', 'physician', NOW(), NOW()) ON CONFLICT DO NOTHING;
INSERT INTO bp_readings (id, pregnancy_id, reading_date, reading_time, reading_date_time, systolic, diastolic, gestational_age_days, status, source, created_at, updated_at) VALUES ('63f67327-02cf-4aad-a637-e04a9d3a3c10', '35f0426c-70dd-4b85-a4b3-502158410492', '2026-03-31', '08:00:00', '2026-03-31T18:53:31.719Z', 144, 93, 156, 'attention', 'physician', NOW(), NOW()) ON CONFLICT DO NOTHING;
INSERT INTO bp_readings (id, pregnancy_id, reading_date, reading_time, reading_date_time, systolic, diastolic, gestational_age_days, status, source, created_at, updated_at) VALUES ('cd52f26b-75b3-4f48-819d-b8e5ed5981a3', '35f0426c-70dd-4b85-a4b3-502158410492', '2026-03-28', '08:00:00', '2026-03-28T18:53:31.719Z', 144, 93, 153, 'attention', 'physician', NOW(), NOW()) ON CONFLICT DO NOTHING;
INSERT INTO bp_readings (id, pregnancy_id, reading_date, reading_time, reading_date_time, systolic, diastolic, gestational_age_days, status, source, created_at, updated_at) VALUES ('e1375166-1324-415d-ac97-40041eafcc39', '35f0426c-70dd-4b85-a4b3-502158410492', '2026-03-25', '08:00:00', '2026-03-25T18:53:31.719Z', 134, 87, 150, 'normal', 'physician', NOW(), NOW()) ON CONFLICT DO NOTHING;
INSERT INTO bp_readings (id, pregnancy_id, reading_date, reading_time, reading_date_time, systolic, diastolic, gestational_age_days, status, source, created_at, updated_at) VALUES ('3ad64912-cbd0-4bd3-8da3-823d947dcd67', '35f0426c-70dd-4b85-a4b3-502158410492', '2026-03-22', '08:00:00', '2026-03-22T18:53:31.719Z', 146, 84, 147, 'attention', 'physician', NOW(), NOW()) ON CONFLICT DO NOTHING;
INSERT INTO pregnancies (id, patient_id, lmp_date, edd, ga_method, status, is_high_risk, high_risk_flags, gravida, para, abortus, created_at, updated_at) VALUES ('48d27147-d78e-480b-8bb0-6f6884f9216a', '3ee168e5-c0c0-488b-be09-39d7d852c6a8', '2025-10-26', '2026-08-02', 'lmp', 'active', true, '{"diabetes","dmg"}', 2, 1, 0, NOW(), NOW()) ON CONFLICT DO NOTHING;
INSERT INTO consultations (id, pregnancy_id, date, gestational_age_days, weight_kg, bp_systolic, bp_diastolic, fetal_heart_rate, fundal_height_cm, created_at, updated_at) VALUES ('e0c72a58-cdca-456c-a446-d4338b23a38d', '48d27147-d78e-480b-8bb0-6f6884f9216a', '2026-01-18', 84, 73.0, 116, 65, 140, 12, NOW(), NOW()) ON CONFLICT DO NOTHING;
INSERT INTO consultations (id, pregnancy_id, date, gestational_age_days, weight_kg, bp_systolic, bp_diastolic, fetal_heart_rate, fundal_height_cm, created_at, updated_at) VALUES ('fcbc9879-8116-4fb2-923b-1082957bfc9f', '48d27147-d78e-480b-8bb0-6f6884f9216a', '2026-02-15', 112, 63.5, 160, 103, 130, 16, NOW(), NOW()) ON CONFLICT DO NOTHING;
INSERT INTO consultations (id, pregnancy_id, date, gestational_age_days, weight_kg, bp_systolic, bp_diastolic, fetal_heart_rate, fundal_height_cm, created_at, updated_at) VALUES ('7da42a82-af62-4b6f-a655-0b216f26648f', '48d27147-d78e-480b-8bb0-6f6884f9216a', '2026-03-15', 140, 67.0, 156, 97, 126, 20, NOW(), NOW()) ON CONFLICT DO NOTHING;
INSERT INTO consultations (id, pregnancy_id, date, gestational_age_days, weight_kg, bp_systolic, bp_diastolic, fetal_heart_rate, fundal_height_cm, created_at, updated_at) VALUES ('326eb180-d7dc-412c-b155-82b610dcb170', '48d27147-d78e-480b-8bb0-6f6884f9216a', '2026-04-12', 168, 79.5, 144, 91, 136, 24, NOW(), NOW()) ON CONFLICT DO NOTHING;
INSERT INTO consultations (id, pregnancy_id, date, gestational_age_days, weight_kg, bp_systolic, bp_diastolic, fetal_heart_rate, fundal_height_cm, created_at, updated_at) VALUES ('9d2e2abe-65ec-43e5-8622-019a1714d173', '48d27147-d78e-480b-8bb0-6f6884f9216a', '2026-05-10', 196, 66.0, 126, 74, 151, 28, NOW(), NOW()) ON CONFLICT DO NOTHING;
INSERT INTO bp_readings (id, pregnancy_id, reading_date, reading_time, reading_date_time, systolic, diastolic, gestational_age_days, status, source, created_at, updated_at) VALUES ('b40c7516-ae73-4e6e-8afb-10d51a80eb23', '48d27147-d78e-480b-8bb0-6f6884f9216a', '2026-04-12', '08:00:00', '2026-04-12T18:53:31.719Z', 138, 90, 168, 'normal', 'physician', NOW(), NOW()) ON CONFLICT DO NOTHING;
INSERT INTO bp_readings (id, pregnancy_id, reading_date, reading_time, reading_date_time, systolic, diastolic, gestational_age_days, status, source, created_at, updated_at) VALUES ('4381799d-d400-4ca6-95ea-678ee567f922', '48d27147-d78e-480b-8bb0-6f6884f9216a', '2026-04-09', '08:00:00', '2026-04-09T18:53:31.719Z', 153, 80, 165, 'attention', 'physician', NOW(), NOW()) ON CONFLICT DO NOTHING;
INSERT INTO bp_readings (id, pregnancy_id, reading_date, reading_time, reading_date_time, systolic, diastolic, gestational_age_days, status, source, created_at, updated_at) VALUES ('cf413cbc-fb43-4050-9c7b-31a58e986d9c', '48d27147-d78e-480b-8bb0-6f6884f9216a', '2026-04-06', '08:00:00', '2026-04-06T18:53:31.719Z', 146, 96, 162, 'attention', 'physician', NOW(), NOW()) ON CONFLICT DO NOTHING;
INSERT INTO bp_readings (id, pregnancy_id, reading_date, reading_time, reading_date_time, systolic, diastolic, gestational_age_days, status, source, created_at, updated_at) VALUES ('ee7ac55a-3283-47ad-9e57-6b7124a63871', '48d27147-d78e-480b-8bb0-6f6884f9216a', '2026-04-03', '08:00:00', '2026-04-03T18:53:31.719Z', 144, 98, 159, 'attention', 'physician', NOW(), NOW()) ON CONFLICT DO NOTHING;
INSERT INTO bp_readings (id, pregnancy_id, reading_date, reading_time, reading_date_time, systolic, diastolic, gestational_age_days, status, source, created_at, updated_at) VALUES ('1fc8aa40-d971-4c56-ac35-f8bbf394e6c6', '48d27147-d78e-480b-8bb0-6f6884f9216a', '2026-03-31', '08:00:00', '2026-03-31T18:53:31.719Z', 130, 97, 156, 'normal', 'physician', NOW(), NOW()) ON CONFLICT DO NOTHING;
INSERT INTO bp_readings (id, pregnancy_id, reading_date, reading_time, reading_date_time, systolic, diastolic, gestational_age_days, status, source, created_at, updated_at) VALUES ('46c84fc7-d737-43c5-882c-5651f1b8f2ec', '48d27147-d78e-480b-8bb0-6f6884f9216a', '2026-03-28', '08:00:00', '2026-03-28T18:53:31.719Z', 140, 90, 153, 'attention', 'physician', NOW(), NOW()) ON CONFLICT DO NOTHING;
INSERT INTO bp_readings (id, pregnancy_id, reading_date, reading_time, reading_date_time, systolic, diastolic, gestational_age_days, status, source, created_at, updated_at) VALUES ('df957fad-56fa-4ca5-947f-57deeefe5bd1', '48d27147-d78e-480b-8bb0-6f6884f9216a', '2026-03-25', '08:00:00', '2026-03-25T18:53:31.719Z', 151, 84, 150, 'attention', 'physician', NOW(), NOW()) ON CONFLICT DO NOTHING;
INSERT INTO bp_readings (id, pregnancy_id, reading_date, reading_time, reading_date_time, systolic, diastolic, gestational_age_days, status, source, created_at, updated_at) VALUES ('fa86e2e0-dc53-4a1b-9c5c-34584c30db16', '48d27147-d78e-480b-8bb0-6f6884f9216a', '2026-03-22', '08:00:00', '2026-03-22T18:53:31.719Z', 131, 96, 147, 'normal', 'physician', NOW(), NOW()) ON CONFLICT DO NOTHING;
INSERT INTO pregnancies (id, patient_id, lmp_date, edd, ga_method, status, is_high_risk, high_risk_flags, gravida, para, abortus, created_at, updated_at) VALUES ('251057a0-3bf2-48eb-8a42-8368e4361372', '617248f1-f2b6-4a53-9d07-722f2fdbf69f', '2025-10-05', '2026-07-12', 'lmp', 'active', true, '{"diabetes","dmg"}', 2, 0, 0, NOW(), NOW()) ON CONFLICT DO NOTHING;
INSERT INTO consultations (id, pregnancy_id, date, gestational_age_days, weight_kg, bp_systolic, bp_diastolic, fetal_heart_rate, fundal_height_cm, created_at, updated_at) VALUES ('aa3c7746-d355-4878-880f-bf35fe22c5f4', '251057a0-3bf2-48eb-8a42-8368e4361372', '2025-12-28', 84, 61.0, 146, 92, 146, 12, NOW(), NOW()) ON CONFLICT DO NOTHING;
INSERT INTO consultations (id, pregnancy_id, date, gestational_age_days, weight_kg, bp_systolic, bp_diastolic, fetal_heart_rate, fundal_height_cm, created_at, updated_at) VALUES ('7b2154af-5036-428c-8e33-180ed98fadd4', '251057a0-3bf2-48eb-8a42-8368e4361372', '2026-01-25', 112, 67.5, 152, 91, 156, 16, NOW(), NOW()) ON CONFLICT DO NOTHING;
INSERT INTO consultations (id, pregnancy_id, date, gestational_age_days, weight_kg, bp_systolic, bp_diastolic, fetal_heart_rate, fundal_height_cm, created_at, updated_at) VALUES ('0fc1ee3a-694e-4e8d-b5a2-5cf3a6015e1f', '251057a0-3bf2-48eb-8a42-8368e4361372', '2026-02-22', 140, 63.0, 150, 70, 149, 20, NOW(), NOW()) ON CONFLICT DO NOTHING;
INSERT INTO consultations (id, pregnancy_id, date, gestational_age_days, weight_kg, bp_systolic, bp_diastolic, fetal_heart_rate, fundal_height_cm, created_at, updated_at) VALUES ('13edab4c-e889-4612-af1d-7997b364f341', '251057a0-3bf2-48eb-8a42-8368e4361372', '2026-03-22', 168, 64.5, 159, 102, 143, 24, NOW(), NOW()) ON CONFLICT DO NOTHING;
INSERT INTO bp_readings (id, pregnancy_id, reading_date, reading_time, reading_date_time, systolic, diastolic, gestational_age_days, status, source, created_at, updated_at) VALUES ('058b97b3-54c1-4f1e-a931-e43f96f4e0cb', '251057a0-3bf2-48eb-8a42-8368e4361372', '2026-04-12', '08:00:00', '2026-04-12T18:53:31.719Z', 141, 93, 189, 'attention', 'physician', NOW(), NOW()) ON CONFLICT DO NOTHING;
INSERT INTO bp_readings (id, pregnancy_id, reading_date, reading_time, reading_date_time, systolic, diastolic, gestational_age_days, status, source, created_at, updated_at) VALUES ('aa667731-a2ec-4330-83ed-6670e95168c4', '251057a0-3bf2-48eb-8a42-8368e4361372', '2026-04-09', '08:00:00', '2026-04-09T18:53:31.719Z', 148, 83, 186, 'attention', 'physician', NOW(), NOW()) ON CONFLICT DO NOTHING;
INSERT INTO bp_readings (id, pregnancy_id, reading_date, reading_time, reading_date_time, systolic, diastolic, gestational_age_days, status, source, created_at, updated_at) VALUES ('7763d818-86c6-459a-861b-58d123e50690', '251057a0-3bf2-48eb-8a42-8368e4361372', '2026-04-06', '08:00:00', '2026-04-06T18:53:31.719Z', 142, 86, 183, 'attention', 'physician', NOW(), NOW()) ON CONFLICT DO NOTHING;
INSERT INTO bp_readings (id, pregnancy_id, reading_date, reading_time, reading_date_time, systolic, diastolic, gestational_age_days, status, source, created_at, updated_at) VALUES ('2a15f0c4-c57f-4b3b-a518-60806c314a02', '251057a0-3bf2-48eb-8a42-8368e4361372', '2026-04-03', '08:00:00', '2026-04-03T18:53:31.719Z', 140, 94, 180, 'attention', 'physician', NOW(), NOW()) ON CONFLICT DO NOTHING;
INSERT INTO bp_readings (id, pregnancy_id, reading_date, reading_time, reading_date_time, systolic, diastolic, gestational_age_days, status, source, created_at, updated_at) VALUES ('fe1ee979-fb5b-403d-a24c-6a5ed59833cf', '251057a0-3bf2-48eb-8a42-8368e4361372', '2026-03-31', '08:00:00', '2026-03-31T18:53:31.719Z', 139, 97, 177, 'normal', 'physician', NOW(), NOW()) ON CONFLICT DO NOTHING;
INSERT INTO bp_readings (id, pregnancy_id, reading_date, reading_time, reading_date_time, systolic, diastolic, gestational_age_days, status, source, created_at, updated_at) VALUES ('d9f3f071-5b0f-4085-b96f-1832108835fa', '251057a0-3bf2-48eb-8a42-8368e4361372', '2026-03-28', '08:00:00', '2026-03-28T18:53:31.719Z', 139, 94, 174, 'normal', 'physician', NOW(), NOW()) ON CONFLICT DO NOTHING;
INSERT INTO bp_readings (id, pregnancy_id, reading_date, reading_time, reading_date_time, systolic, diastolic, gestational_age_days, status, source, created_at, updated_at) VALUES ('0113422d-2b4f-4e8e-8e2c-58a0d2faa55f', '251057a0-3bf2-48eb-8a42-8368e4361372', '2026-03-25', '08:00:00', '2026-03-25T18:53:31.719Z', 151, 97, 171, 'attention', 'physician', NOW(), NOW()) ON CONFLICT DO NOTHING;
INSERT INTO bp_readings (id, pregnancy_id, reading_date, reading_time, reading_date_time, systolic, diastolic, gestational_age_days, status, source, created_at, updated_at) VALUES ('f5f1f2d0-fcc0-4702-9491-23ad8b732afe', '251057a0-3bf2-48eb-8a42-8368e4361372', '2026-03-22', '08:00:00', '2026-03-22T18:53:31.719Z', 148, 88, 168, 'attention', 'physician', NOW(), NOW()) ON CONFLICT DO NOTHING;
INSERT INTO pregnancies (id, patient_id, lmp_date, edd, ga_method, status, is_high_risk, high_risk_flags, gravida, para, abortus, created_at, updated_at) VALUES ('b42b1f9d-07dd-44c3-86d9-23ae52aceb2a', '09b6b7d3-8680-494c-82f0-0f66ba25a8fb', '2025-08-24', '2026-05-31', 'lmp', 'active', true, '{"preeclampsia","hipertensao"}', 1, 0, 0, NOW(), NOW()) ON CONFLICT DO NOTHING;
INSERT INTO consultations (id, pregnancy_id, date, gestational_age_days, weight_kg, bp_systolic, bp_diastolic, fetal_heart_rate, fundal_height_cm, created_at, updated_at) VALUES ('06e8d7dd-d978-4518-a37f-8cc98cda139b', 'b42b1f9d-07dd-44c3-86d9-23ae52aceb2a', '2025-11-16', 84, 73.0, 148, 64, 154, 12, NOW(), NOW()) ON CONFLICT DO NOTHING;
INSERT INTO consultations (id, pregnancy_id, date, gestational_age_days, weight_kg, bp_systolic, bp_diastolic, fetal_heart_rate, fundal_height_cm, created_at, updated_at) VALUES ('3c0c9921-4ab1-408e-b1ea-f7176f78d2a3', 'b42b1f9d-07dd-44c3-86d9-23ae52aceb2a', '2025-12-14', 112, 63.5, 157, 73, 150, 16, NOW(), NOW()) ON CONFLICT DO NOTHING;
INSERT INTO consultations (id, pregnancy_id, date, gestational_age_days, weight_kg, bp_systolic, bp_diastolic, fetal_heart_rate, fundal_height_cm, created_at, updated_at) VALUES ('a4207107-3e9f-459c-b769-e29b08b0faa8', 'b42b1f9d-07dd-44c3-86d9-23ae52aceb2a', '2026-01-11', 140, 62.0, 145, 74, 150, 20, NOW(), NOW()) ON CONFLICT DO NOTHING;
INSERT INTO consultations (id, pregnancy_id, date, gestational_age_days, weight_kg, bp_systolic, bp_diastolic, fetal_heart_rate, fundal_height_cm, created_at, updated_at) VALUES ('efe1e31d-19b9-4521-8847-549c6a1366aa', 'b42b1f9d-07dd-44c3-86d9-23ae52aceb2a', '2026-02-08', 168, 69.5, 147, 98, 133, 24, NOW(), NOW()) ON CONFLICT DO NOTHING;
INSERT INTO bp_readings (id, pregnancy_id, reading_date, reading_time, reading_date_time, systolic, diastolic, gestational_age_days, status, source, created_at, updated_at) VALUES ('4afc92b5-16aa-450c-bda6-6190bcd801bb', 'b42b1f9d-07dd-44c3-86d9-23ae52aceb2a', '2026-04-12', '08:00:00', '2026-04-12T18:53:31.719Z', 131, 87, 231, 'normal', 'physician', NOW(), NOW()) ON CONFLICT DO NOTHING;
INSERT INTO bp_readings (id, pregnancy_id, reading_date, reading_time, reading_date_time, systolic, diastolic, gestational_age_days, status, source, created_at, updated_at) VALUES ('cf7f0497-5825-45fe-aaa4-c3aa27c3e76f', 'b42b1f9d-07dd-44c3-86d9-23ae52aceb2a', '2026-04-09', '08:00:00', '2026-04-09T18:53:31.719Z', 150, 81, 228, 'attention', 'physician', NOW(), NOW()) ON CONFLICT DO NOTHING;
INSERT INTO bp_readings (id, pregnancy_id, reading_date, reading_time, reading_date_time, systolic, diastolic, gestational_age_days, status, source, created_at, updated_at) VALUES ('051bd03d-ffb4-49f9-b878-b0ab51da4ab2', 'b42b1f9d-07dd-44c3-86d9-23ae52aceb2a', '2026-04-06', '08:00:00', '2026-04-06T18:53:31.719Z', 148, 86, 225, 'attention', 'physician', NOW(), NOW()) ON CONFLICT DO NOTHING;
INSERT INTO bp_readings (id, pregnancy_id, reading_date, reading_time, reading_date_time, systolic, diastolic, gestational_age_days, status, source, created_at, updated_at) VALUES ('b31469b4-2b60-4a36-924f-40a143da2175', 'b42b1f9d-07dd-44c3-86d9-23ae52aceb2a', '2026-04-03', '08:00:00', '2026-04-03T18:53:31.719Z', 157, 96, 222, 'attention', 'physician', NOW(), NOW()) ON CONFLICT DO NOTHING;
INSERT INTO bp_readings (id, pregnancy_id, reading_date, reading_time, reading_date_time, systolic, diastolic, gestational_age_days, status, source, created_at, updated_at) VALUES ('3c239479-7b18-4892-a58d-cabfaea35281', 'b42b1f9d-07dd-44c3-86d9-23ae52aceb2a', '2026-03-31', '08:00:00', '2026-03-31T18:53:31.719Z', 149, 80, 219, 'attention', 'physician', NOW(), NOW()) ON CONFLICT DO NOTHING;
INSERT INTO bp_readings (id, pregnancy_id, reading_date, reading_time, reading_date_time, systolic, diastolic, gestational_age_days, status, source, created_at, updated_at) VALUES ('177b471c-1f51-4ba3-b70d-fc61a1947f34', 'b42b1f9d-07dd-44c3-86d9-23ae52aceb2a', '2026-03-28', '08:00:00', '2026-03-28T18:53:31.719Z', 135, 88, 216, 'normal', 'physician', NOW(), NOW()) ON CONFLICT DO NOTHING;
INSERT INTO bp_readings (id, pregnancy_id, reading_date, reading_time, reading_date_time, systolic, diastolic, gestational_age_days, status, source, created_at, updated_at) VALUES ('fe26de4a-764f-4784-857b-e7ff5c62aa2d', 'b42b1f9d-07dd-44c3-86d9-23ae52aceb2a', '2026-03-25', '08:00:00', '2026-03-25T18:53:31.719Z', 135, 94, 213, 'normal', 'physician', NOW(), NOW()) ON CONFLICT DO NOTHING;
INSERT INTO bp_readings (id, pregnancy_id, reading_date, reading_time, reading_date_time, systolic, diastolic, gestational_age_days, status, source, created_at, updated_at) VALUES ('bdcadc5f-81db-487e-8948-0ff6711f5bc8', 'b42b1f9d-07dd-44c3-86d9-23ae52aceb2a', '2026-03-22', '08:00:00', '2026-03-22T18:53:31.719Z', 156, 92, 210, 'attention', 'physician', NOW(), NOW()) ON CONFLICT DO NOTHING;
INSERT INTO glucose_readings (id, pregnancy_id, reading_date, reading_time, reading_date_time, measurement_type, glucose_value, status, source, created_at, updated_at) VALUES ('be7e8f25-e6f5-44a9-8061-30445e03cc26', 'b42b1f9d-07dd-44c3-86d9-23ae52aceb2a', '2026-04-12', '07:00:00', '2026-04-12T18:53:31.719Z', 'fasting', 99, 'attention', 'physician', NOW(), NOW()) ON CONFLICT DO NOTHING;
INSERT INTO glucose_readings (id, pregnancy_id, reading_date, reading_time, reading_date_time, measurement_type, glucose_value, status, source, created_at, updated_at) VALUES ('30de14cc-19cf-4fe0-8600-1f8e2a75dd5b', 'b42b1f9d-07dd-44c3-86d9-23ae52aceb2a', '2026-04-10', '07:00:00', '2026-04-10T18:53:31.719Z', 'fasting', 99, 'attention', 'physician', NOW(), NOW()) ON CONFLICT DO NOTHING;
INSERT INTO glucose_readings (id, pregnancy_id, reading_date, reading_time, reading_date_time, measurement_type, glucose_value, status, source, created_at, updated_at) VALUES ('0259e72f-c220-4328-8310-66ef4b25f3b6', 'b42b1f9d-07dd-44c3-86d9-23ae52aceb2a', '2026-04-08', '07:00:00', '2026-04-08T18:53:31.719Z', 'fasting', 100, 'attention', 'physician', NOW(), NOW()) ON CONFLICT DO NOTHING;
INSERT INTO glucose_readings (id, pregnancy_id, reading_date, reading_time, reading_date_time, measurement_type, glucose_value, status, source, created_at, updated_at) VALUES ('28f6a695-df0b-4f24-bf3d-3737089f60b2', 'b42b1f9d-07dd-44c3-86d9-23ae52aceb2a', '2026-04-06', '07:00:00', '2026-04-06T18:53:31.719Z', 'fasting', 118, 'attention', 'physician', NOW(), NOW()) ON CONFLICT DO NOTHING;
INSERT INTO glucose_readings (id, pregnancy_id, reading_date, reading_time, reading_date_time, measurement_type, glucose_value, status, source, created_at, updated_at) VALUES ('deb3404c-5190-44b9-80a7-9f467361411f', 'b42b1f9d-07dd-44c3-86d9-23ae52aceb2a', '2026-04-04', '07:00:00', '2026-04-04T18:53:31.719Z', 'fasting', 116, 'attention', 'physician', NOW(), NOW()) ON CONFLICT DO NOTHING;
INSERT INTO glucose_readings (id, pregnancy_id, reading_date, reading_time, reading_date_time, measurement_type, glucose_value, status, source, created_at, updated_at) VALUES ('7d524ed5-54b2-4dc3-b509-234ce282d9ec', 'b42b1f9d-07dd-44c3-86d9-23ae52aceb2a', '2026-04-02', '07:00:00', '2026-04-02T18:53:31.719Z', 'fasting', 101, 'attention', 'physician', NOW(), NOW()) ON CONFLICT DO NOTHING;
INSERT INTO glucose_readings (id, pregnancy_id, reading_date, reading_time, reading_date_time, measurement_type, glucose_value, status, source, created_at, updated_at) VALUES ('8c4902b5-15d8-44fe-abce-226fe319fdf0', 'b42b1f9d-07dd-44c3-86d9-23ae52aceb2a', '2026-03-31', '07:00:00', '2026-03-31T18:53:31.719Z', 'fasting', 114, 'attention', 'physician', NOW(), NOW()) ON CONFLICT DO NOTHING;
INSERT INTO glucose_readings (id, pregnancy_id, reading_date, reading_time, reading_date_time, measurement_type, glucose_value, status, source, created_at, updated_at) VALUES ('92237abe-f2b0-47ea-9c2f-c0a9b454bdec', 'b42b1f9d-07dd-44c3-86d9-23ae52aceb2a', '2026-03-29', '07:00:00', '2026-03-29T18:53:31.719Z', 'fasting', 111, 'attention', 'physician', NOW(), NOW()) ON CONFLICT DO NOTHING;
INSERT INTO glucose_readings (id, pregnancy_id, reading_date, reading_time, reading_date_time, measurement_type, glucose_value, status, source, created_at, updated_at) VALUES ('aaaac5d4-d1da-4cd1-b211-c97b404ef75e', 'b42b1f9d-07dd-44c3-86d9-23ae52aceb2a', '2026-03-27', '07:00:00', '2026-03-27T18:53:31.719Z', 'fasting', 116, 'attention', 'physician', NOW(), NOW()) ON CONFLICT DO NOTHING;
INSERT INTO glucose_readings (id, pregnancy_id, reading_date, reading_time, reading_date_time, measurement_type, glucose_value, status, source, created_at, updated_at) VALUES ('520da92d-bcc3-4903-a02a-41576ee2c714', 'b42b1f9d-07dd-44c3-86d9-23ae52aceb2a', '2026-03-25', '07:00:00', '2026-03-25T18:53:31.719Z', 'fasting', 101, 'attention', 'physician', NOW(), NOW()) ON CONFLICT DO NOTHING;
INSERT INTO pregnancies (id, patient_id, lmp_date, edd, ga_method, status, is_high_risk, high_risk_flags, gravida, para, abortus, created_at, updated_at) VALUES ('cf4981fb-e07a-41d8-8733-f796950b0a25', '4ae98319-5890-49aa-956c-b65fdc87a194', '2025-09-28', '2026-07-05', 'lmp', 'active', true, '{"diabetes","dmg"}', 2, 0, 0, NOW(), NOW()) ON CONFLICT DO NOTHING;
INSERT INTO consultations (id, pregnancy_id, date, gestational_age_days, weight_kg, bp_systolic, bp_diastolic, fetal_heart_rate, fundal_height_cm, created_at, updated_at) VALUES ('1fb2dc9c-5f1e-4162-8ddd-deaa4f1fd4f7', 'cf4981fb-e07a-41d8-8733-f796950b0a25', '2025-12-21', 84, 76.0, 168, 97, 138, 12, NOW(), NOW()) ON CONFLICT DO NOTHING;
INSERT INTO consultations (id, pregnancy_id, date, gestational_age_days, weight_kg, bp_systolic, bp_diastolic, fetal_heart_rate, fundal_height_cm, created_at, updated_at) VALUES ('bc0d11d3-8882-4f50-b53f-0780af1be0ca', 'cf4981fb-e07a-41d8-8733-f796950b0a25', '2026-01-18', 112, 77.5, 156, 77, 150, 16, NOW(), NOW()) ON CONFLICT DO NOTHING;
INSERT INTO consultations (id, pregnancy_id, date, gestational_age_days, weight_kg, bp_systolic, bp_diastolic, fetal_heart_rate, fundal_height_cm, created_at, updated_at) VALUES ('a7759e40-81ac-44db-a6df-59ad6935fe76', 'cf4981fb-e07a-41d8-8733-f796950b0a25', '2026-02-15', 140, 80.0, 150, 77, 147, 20, NOW(), NOW()) ON CONFLICT DO NOTHING;
INSERT INTO consultations (id, pregnancy_id, date, gestational_age_days, weight_kg, bp_systolic, bp_diastolic, fetal_heart_rate, fundal_height_cm, created_at, updated_at) VALUES ('bf52d117-c4f8-4635-b4a3-d495ad33edcd', 'cf4981fb-e07a-41d8-8733-f796950b0a25', '2026-03-15', 168, 59.5, 112, 97, 155, 24, NOW(), NOW()) ON CONFLICT DO NOTHING;
INSERT INTO bp_readings (id, pregnancy_id, reading_date, reading_time, reading_date_time, systolic, diastolic, gestational_age_days, status, source, created_at, updated_at) VALUES ('2aaeeae5-7107-4c30-bae1-61dfaf28afa9', 'cf4981fb-e07a-41d8-8733-f796950b0a25', '2026-04-12', '08:00:00', '2026-04-12T18:53:31.719Z', 135, 88, 196, 'normal', 'physician', NOW(), NOW()) ON CONFLICT DO NOTHING;
INSERT INTO bp_readings (id, pregnancy_id, reading_date, reading_time, reading_date_time, systolic, diastolic, gestational_age_days, status, source, created_at, updated_at) VALUES ('3a16ff45-f960-4d64-9382-48271e55edee', 'cf4981fb-e07a-41d8-8733-f796950b0a25', '2026-04-09', '08:00:00', '2026-04-09T18:53:31.719Z', 141, 97, 193, 'attention', 'physician', NOW(), NOW()) ON CONFLICT DO NOTHING;
INSERT INTO bp_readings (id, pregnancy_id, reading_date, reading_time, reading_date_time, systolic, diastolic, gestational_age_days, status, source, created_at, updated_at) VALUES ('023790d6-95c7-489d-8c58-0540ad9c78f7', 'cf4981fb-e07a-41d8-8733-f796950b0a25', '2026-04-06', '08:00:00', '2026-04-06T18:53:31.719Z', 142, 83, 190, 'attention', 'physician', NOW(), NOW()) ON CONFLICT DO NOTHING;
INSERT INTO bp_readings (id, pregnancy_id, reading_date, reading_time, reading_date_time, systolic, diastolic, gestational_age_days, status, source, created_at, updated_at) VALUES ('b65bc997-8839-4ec1-ae02-3a2a90660d7c', 'cf4981fb-e07a-41d8-8733-f796950b0a25', '2026-04-03', '08:00:00', '2026-04-03T18:53:31.719Z', 154, 93, 187, 'attention', 'physician', NOW(), NOW()) ON CONFLICT DO NOTHING;
INSERT INTO bp_readings (id, pregnancy_id, reading_date, reading_time, reading_date_time, systolic, diastolic, gestational_age_days, status, source, created_at, updated_at) VALUES ('29a34f07-4e96-4226-8cd1-f2fc2a5b7842', 'cf4981fb-e07a-41d8-8733-f796950b0a25', '2026-03-31', '08:00:00', '2026-03-31T18:53:31.719Z', 147, 97, 184, 'attention', 'physician', NOW(), NOW()) ON CONFLICT DO NOTHING;
INSERT INTO bp_readings (id, pregnancy_id, reading_date, reading_time, reading_date_time, systolic, diastolic, gestational_age_days, status, source, created_at, updated_at) VALUES ('70dc5b2f-aedf-4d11-930a-e44e419c3d0f', 'cf4981fb-e07a-41d8-8733-f796950b0a25', '2026-03-28', '08:00:00', '2026-03-28T18:53:31.719Z', 156, 80, 181, 'attention', 'physician', NOW(), NOW()) ON CONFLICT DO NOTHING;
INSERT INTO bp_readings (id, pregnancy_id, reading_date, reading_time, reading_date_time, systolic, diastolic, gestational_age_days, status, source, created_at, updated_at) VALUES ('67993ddb-fe82-4c0b-a0e8-44d847146d77', 'cf4981fb-e07a-41d8-8733-f796950b0a25', '2026-03-25', '08:00:00', '2026-03-25T18:53:31.719Z', 139, 81, 178, 'normal', 'physician', NOW(), NOW()) ON CONFLICT DO NOTHING;
INSERT INTO bp_readings (id, pregnancy_id, reading_date, reading_time, reading_date_time, systolic, diastolic, gestational_age_days, status, source, created_at, updated_at) VALUES ('f0719c85-c568-46b9-9a5c-ec84efcca5a7', 'cf4981fb-e07a-41d8-8733-f796950b0a25', '2026-03-22', '08:00:00', '2026-03-22T18:53:31.719Z', 132, 86, 175, 'normal', 'physician', NOW(), NOW()) ON CONFLICT DO NOTHING;
INSERT INTO pregnancies (id, patient_id, lmp_date, edd, ga_method, status, is_high_risk, high_risk_flags, gravida, para, abortus, created_at, updated_at) VALUES ('a3adc2ef-386a-4080-9c76-91bbacc4301f', 'fcbb6733-b37f-4041-bbe1-3e0e086ee5ed', '2025-10-26', '2026-08-02', 'lmp', 'active', true, '{"diabetes","dmg"}', 3, 0, 0, NOW(), NOW()) ON CONFLICT DO NOTHING;
INSERT INTO consultations (id, pregnancy_id, date, gestational_age_days, weight_kg, bp_systolic, bp_diastolic, fetal_heart_rate, fundal_height_cm, created_at, updated_at) VALUES ('c68add8e-361a-4864-89a7-6153447f83fb', 'a3adc2ef-386a-4080-9c76-91bbacc4301f', '2026-01-18', 84, 62.0, 129, 74, 159, 12, NOW(), NOW()) ON CONFLICT DO NOTHING;
INSERT INTO consultations (id, pregnancy_id, date, gestational_age_days, weight_kg, bp_systolic, bp_diastolic, fetal_heart_rate, fundal_height_cm, created_at, updated_at) VALUES ('0ba729f1-b95c-41aa-a7b3-919e72ea48c0', 'a3adc2ef-386a-4080-9c76-91bbacc4301f', '2026-02-15', 112, 74.5, 114, 91, 128, 16, NOW(), NOW()) ON CONFLICT DO NOTHING;
INSERT INTO consultations (id, pregnancy_id, date, gestational_age_days, weight_kg, bp_systolic, bp_diastolic, fetal_heart_rate, fundal_height_cm, created_at, updated_at) VALUES ('3b792600-7484-4d23-ad50-a5ba98b3a92b', 'a3adc2ef-386a-4080-9c76-91bbacc4301f', '2026-03-15', 140, 80.0, 165, 77, 153, 20, NOW(), NOW()) ON CONFLICT DO NOTHING;
INSERT INTO consultations (id, pregnancy_id, date, gestational_age_days, weight_kg, bp_systolic, bp_diastolic, fetal_heart_rate, fundal_height_cm, created_at, updated_at) VALUES ('eecce0f4-6a28-43f2-873d-c86a04980140', 'a3adc2ef-386a-4080-9c76-91bbacc4301f', '2026-04-12', 168, 80.5, 148, 100, 138, 24, NOW(), NOW()) ON CONFLICT DO NOTHING;
INSERT INTO consultations (id, pregnancy_id, date, gestational_age_days, weight_kg, bp_systolic, bp_diastolic, fetal_heart_rate, fundal_height_cm, created_at, updated_at) VALUES ('a59890fc-fe22-46c7-87fe-0cc561db68b8', 'a3adc2ef-386a-4080-9c76-91bbacc4301f', '2026-05-10', 196, 72.0, 157, 108, 133, 28, NOW(), NOW()) ON CONFLICT DO NOTHING;
INSERT INTO bp_readings (id, pregnancy_id, reading_date, reading_time, reading_date_time, systolic, diastolic, gestational_age_days, status, source, created_at, updated_at) VALUES ('a9f53a60-1866-438d-a3e7-793864bc712b', 'a3adc2ef-386a-4080-9c76-91bbacc4301f', '2026-04-12', '08:00:00', '2026-04-12T18:53:31.719Z', 147, 81, 168, 'attention', 'physician', NOW(), NOW()) ON CONFLICT DO NOTHING;
INSERT INTO bp_readings (id, pregnancy_id, reading_date, reading_time, reading_date_time, systolic, diastolic, gestational_age_days, status, source, created_at, updated_at) VALUES ('25c8f4ee-11b7-45d0-9980-92a6406c8c74', 'a3adc2ef-386a-4080-9c76-91bbacc4301f', '2026-04-09', '08:00:00', '2026-04-09T18:53:31.719Z', 138, 80, 165, 'normal', 'physician', NOW(), NOW()) ON CONFLICT DO NOTHING;
INSERT INTO bp_readings (id, pregnancy_id, reading_date, reading_time, reading_date_time, systolic, diastolic, gestational_age_days, status, source, created_at, updated_at) VALUES ('42fc1688-4cb2-42d8-8db3-ffd8f86dd23e', 'a3adc2ef-386a-4080-9c76-91bbacc4301f', '2026-04-06', '08:00:00', '2026-04-06T18:53:31.719Z', 144, 91, 162, 'attention', 'physician', NOW(), NOW()) ON CONFLICT DO NOTHING;
INSERT INTO bp_readings (id, pregnancy_id, reading_date, reading_time, reading_date_time, systolic, diastolic, gestational_age_days, status, source, created_at, updated_at) VALUES ('d0b4cb7c-3d51-4c10-ae20-901b80c1a231', 'a3adc2ef-386a-4080-9c76-91bbacc4301f', '2026-04-03', '08:00:00', '2026-04-03T18:53:31.719Z', 137, 84, 159, 'normal', 'physician', NOW(), NOW()) ON CONFLICT DO NOTHING;
INSERT INTO bp_readings (id, pregnancy_id, reading_date, reading_time, reading_date_time, systolic, diastolic, gestational_age_days, status, source, created_at, updated_at) VALUES ('14df9ac6-2644-402d-a153-9fa91a55bcc8', 'a3adc2ef-386a-4080-9c76-91bbacc4301f', '2026-03-31', '08:00:00', '2026-03-31T18:53:31.719Z', 135, 93, 156, 'normal', 'physician', NOW(), NOW()) ON CONFLICT DO NOTHING;
INSERT INTO bp_readings (id, pregnancy_id, reading_date, reading_time, reading_date_time, systolic, diastolic, gestational_age_days, status, source, created_at, updated_at) VALUES ('17aa6cbe-8b9a-44d5-9740-afb8ceba3744', 'a3adc2ef-386a-4080-9c76-91bbacc4301f', '2026-03-28', '08:00:00', '2026-03-28T18:53:31.719Z', 158, 86, 153, 'attention', 'physician', NOW(), NOW()) ON CONFLICT DO NOTHING;
INSERT INTO bp_readings (id, pregnancy_id, reading_date, reading_time, reading_date_time, systolic, diastolic, gestational_age_days, status, source, created_at, updated_at) VALUES ('caf26588-b0ff-4a31-aded-f122f3df079d', 'a3adc2ef-386a-4080-9c76-91bbacc4301f', '2026-03-25', '08:00:00', '2026-03-25T18:53:31.719Z', 157, 89, 150, 'attention', 'physician', NOW(), NOW()) ON CONFLICT DO NOTHING;
INSERT INTO bp_readings (id, pregnancy_id, reading_date, reading_time, reading_date_time, systolic, diastolic, gestational_age_days, status, source, created_at, updated_at) VALUES ('ffcc811a-525f-4149-8dc2-90680190407d', 'a3adc2ef-386a-4080-9c76-91bbacc4301f', '2026-03-22', '08:00:00', '2026-03-22T18:53:31.719Z', 140, 88, 147, 'attention', 'physician', NOW(), NOW()) ON CONFLICT DO NOTHING;
INSERT INTO glucose_readings (id, pregnancy_id, reading_date, reading_time, reading_date_time, measurement_type, glucose_value, status, source, created_at, updated_at) VALUES ('e06e0d03-3caf-4f32-a235-47602619c8b2', 'a3adc2ef-386a-4080-9c76-91bbacc4301f', '2026-04-12', '07:00:00', '2026-04-12T18:53:31.719Z', 'fasting', 95, 'normal', 'physician', NOW(), NOW()) ON CONFLICT DO NOTHING;
INSERT INTO glucose_readings (id, pregnancy_id, reading_date, reading_time, reading_date_time, measurement_type, glucose_value, status, source, created_at, updated_at) VALUES ('7b1f9eae-80cf-4a2b-a7f1-43291f29bc25', 'a3adc2ef-386a-4080-9c76-91bbacc4301f', '2026-04-10', '07:00:00', '2026-04-10T18:53:31.719Z', 'fasting', 89, 'normal', 'physician', NOW(), NOW()) ON CONFLICT DO NOTHING;
INSERT INTO glucose_readings (id, pregnancy_id, reading_date, reading_time, reading_date_time, measurement_type, glucose_value, status, source, created_at, updated_at) VALUES ('bf8b329f-2fef-4c79-a23c-35207b3501a8', 'a3adc2ef-386a-4080-9c76-91bbacc4301f', '2026-04-08', '07:00:00', '2026-04-08T18:53:31.719Z', 'fasting', 91, 'normal', 'physician', NOW(), NOW()) ON CONFLICT DO NOTHING;
INSERT INTO glucose_readings (id, pregnancy_id, reading_date, reading_time, reading_date_time, measurement_type, glucose_value, status, source, created_at, updated_at) VALUES ('5e92afea-d496-4dd7-980a-08ad5e13170f', 'a3adc2ef-386a-4080-9c76-91bbacc4301f', '2026-04-06', '07:00:00', '2026-04-06T18:53:31.719Z', 'fasting', 86, 'normal', 'physician', NOW(), NOW()) ON CONFLICT DO NOTHING;
INSERT INTO glucose_readings (id, pregnancy_id, reading_date, reading_time, reading_date_time, measurement_type, glucose_value, status, source, created_at, updated_at) VALUES ('ff7e977b-d84f-4fc9-8c0e-648c687467c2', 'a3adc2ef-386a-4080-9c76-91bbacc4301f', '2026-04-04', '07:00:00', '2026-04-04T18:53:31.719Z', 'fasting', 123, 'attention', 'physician', NOW(), NOW()) ON CONFLICT DO NOTHING;
INSERT INTO glucose_readings (id, pregnancy_id, reading_date, reading_time, reading_date_time, measurement_type, glucose_value, status, source, created_at, updated_at) VALUES ('e269a712-3d98-4b09-8adc-71cc802e0310', 'a3adc2ef-386a-4080-9c76-91bbacc4301f', '2026-04-02', '07:00:00', '2026-04-02T18:53:31.719Z', 'fasting', 119, 'attention', 'physician', NOW(), NOW()) ON CONFLICT DO NOTHING;
INSERT INTO glucose_readings (id, pregnancy_id, reading_date, reading_time, reading_date_time, measurement_type, glucose_value, status, source, created_at, updated_at) VALUES ('83e103c3-ba1a-489a-9795-b2cd63efe1b6', 'a3adc2ef-386a-4080-9c76-91bbacc4301f', '2026-03-31', '07:00:00', '2026-03-31T18:53:31.719Z', 'fasting', 116, 'attention', 'physician', NOW(), NOW()) ON CONFLICT DO NOTHING;
INSERT INTO glucose_readings (id, pregnancy_id, reading_date, reading_time, reading_date_time, measurement_type, glucose_value, status, source, created_at, updated_at) VALUES ('fa49c7d6-c0c5-4df8-8d43-a2335860f9f2', 'a3adc2ef-386a-4080-9c76-91bbacc4301f', '2026-03-29', '07:00:00', '2026-03-29T18:53:31.719Z', 'fasting', 102, 'attention', 'physician', NOW(), NOW()) ON CONFLICT DO NOTHING;
INSERT INTO glucose_readings (id, pregnancy_id, reading_date, reading_time, reading_date_time, measurement_type, glucose_value, status, source, created_at, updated_at) VALUES ('545df689-86be-4876-bbc4-0b8170ba830e', 'a3adc2ef-386a-4080-9c76-91bbacc4301f', '2026-03-27', '07:00:00', '2026-03-27T18:53:31.719Z', 'fasting', 109, 'attention', 'physician', NOW(), NOW()) ON CONFLICT DO NOTHING;
INSERT INTO glucose_readings (id, pregnancy_id, reading_date, reading_time, reading_date_time, measurement_type, glucose_value, status, source, created_at, updated_at) VALUES ('92591b97-73f2-4ac8-b2f8-00c3b26c5f7f', 'a3adc2ef-386a-4080-9c76-91bbacc4301f', '2026-03-25', '07:00:00', '2026-03-25T18:53:31.719Z', 'fasting', 106, 'attention', 'physician', NOW(), NOW()) ON CONFLICT DO NOTHING;
INSERT INTO pregnancies (id, patient_id, lmp_date, edd, ga_method, status, is_high_risk, high_risk_flags, gravida, para, abortus, created_at, updated_at) VALUES ('156cf9c9-e80c-46f2-890c-d5a655b445d5', '02f914ca-60d0-4e5a-bbdf-73e61fbcd702', '2025-08-17', '2026-05-24', 'lmp', 'active', true, '{"diabetes","dmg"}', 1, 1, 0, NOW(), NOW()) ON CONFLICT DO NOTHING;
INSERT INTO consultations (id, pregnancy_id, date, gestational_age_days, weight_kg, bp_systolic, bp_diastolic, fetal_heart_rate, fundal_height_cm, created_at, updated_at) VALUES ('5ba3ba73-ba53-4f25-848d-133fdc2b9620', '156cf9c9-e80c-46f2-890c-d5a655b445d5', '2025-11-09', 84, 58.0, 123, 68, 153, 12, NOW(), NOW()) ON CONFLICT DO NOTHING;
INSERT INTO consultations (id, pregnancy_id, date, gestational_age_days, weight_kg, bp_systolic, bp_diastolic, fetal_heart_rate, fundal_height_cm, created_at, updated_at) VALUES ('a8f07f5f-e2c1-443d-b4c5-d367430d272a', '156cf9c9-e80c-46f2-890c-d5a655b445d5', '2025-12-07', 112, 57.5, 160, 106, 134, 16, NOW(), NOW()) ON CONFLICT DO NOTHING;
INSERT INTO bp_readings (id, pregnancy_id, reading_date, reading_time, reading_date_time, systolic, diastolic, gestational_age_days, status, source, created_at, updated_at) VALUES ('025b180c-aa56-4088-811d-3919cfdd907f', '156cf9c9-e80c-46f2-890c-d5a655b445d5', '2026-04-12', '08:00:00', '2026-04-12T18:53:31.719Z', 140, 89, 238, 'attention', 'physician', NOW(), NOW()) ON CONFLICT DO NOTHING;
INSERT INTO bp_readings (id, pregnancy_id, reading_date, reading_time, reading_date_time, systolic, diastolic, gestational_age_days, status, source, created_at, updated_at) VALUES ('8a501db1-8f5e-4498-b574-6bffaebb6613', '156cf9c9-e80c-46f2-890c-d5a655b445d5', '2026-04-09', '08:00:00', '2026-04-09T18:53:31.719Z', 140, 84, 235, 'attention', 'physician', NOW(), NOW()) ON CONFLICT DO NOTHING;
INSERT INTO bp_readings (id, pregnancy_id, reading_date, reading_time, reading_date_time, systolic, diastolic, gestational_age_days, status, source, created_at, updated_at) VALUES ('b1219764-0fdf-43e6-8b4d-07a4ae1b44e3', '156cf9c9-e80c-46f2-890c-d5a655b445d5', '2026-04-06', '08:00:00', '2026-04-06T18:53:31.719Z', 136, 99, 232, 'normal', 'physician', NOW(), NOW()) ON CONFLICT DO NOTHING;
INSERT INTO bp_readings (id, pregnancy_id, reading_date, reading_time, reading_date_time, systolic, diastolic, gestational_age_days, status, source, created_at, updated_at) VALUES ('ccdd933c-b4f6-4e1b-8530-ac6356fd3e45', '156cf9c9-e80c-46f2-890c-d5a655b445d5', '2026-04-03', '08:00:00', '2026-04-03T18:53:31.719Z', 138, 86, 229, 'normal', 'physician', NOW(), NOW()) ON CONFLICT DO NOTHING;
INSERT INTO bp_readings (id, pregnancy_id, reading_date, reading_time, reading_date_time, systolic, diastolic, gestational_age_days, status, source, created_at, updated_at) VALUES ('e8ea46d5-88d8-45be-bc35-793b7afb431e', '156cf9c9-e80c-46f2-890c-d5a655b445d5', '2026-03-31', '08:00:00', '2026-03-31T18:53:31.719Z', 159, 82, 226, 'attention', 'physician', NOW(), NOW()) ON CONFLICT DO NOTHING;
INSERT INTO bp_readings (id, pregnancy_id, reading_date, reading_time, reading_date_time, systolic, diastolic, gestational_age_days, status, source, created_at, updated_at) VALUES ('8b26691f-e5c1-438a-871d-7776f7545852', '156cf9c9-e80c-46f2-890c-d5a655b445d5', '2026-03-28', '08:00:00', '2026-03-28T18:53:31.719Z', 147, 93, 223, 'attention', 'physician', NOW(), NOW()) ON CONFLICT DO NOTHING;
INSERT INTO bp_readings (id, pregnancy_id, reading_date, reading_time, reading_date_time, systolic, diastolic, gestational_age_days, status, source, created_at, updated_at) VALUES ('aee67d9e-0d00-4e55-a46e-91ad98af02a2', '156cf9c9-e80c-46f2-890c-d5a655b445d5', '2026-03-25', '08:00:00', '2026-03-25T18:53:31.719Z', 148, 96, 220, 'attention', 'physician', NOW(), NOW()) ON CONFLICT DO NOTHING;
INSERT INTO bp_readings (id, pregnancy_id, reading_date, reading_time, reading_date_time, systolic, diastolic, gestational_age_days, status, source, created_at, updated_at) VALUES ('f759ef39-e55c-49e0-8914-3f6e84601414', '156cf9c9-e80c-46f2-890c-d5a655b445d5', '2026-03-22', '08:00:00', '2026-03-22T18:53:31.719Z', 156, 99, 217, 'attention', 'physician', NOW(), NOW()) ON CONFLICT DO NOTHING;
INSERT INTO pregnancies (id, patient_id, lmp_date, edd, ga_method, status, is_high_risk, high_risk_flags, gravida, para, abortus, created_at, updated_at) VALUES ('7f64c66c-9e93-4fe7-beef-83d217229a61', 'f171551f-9ba6-4e65-b90b-02ea6a873354', '2025-08-10', '2026-05-17', 'lmp', 'active', true, '{"preeclampsia","hipertensao"}', 1, 1, 0, NOW(), NOW()) ON CONFLICT DO NOTHING;
INSERT INTO consultations (id, pregnancy_id, date, gestational_age_days, weight_kg, bp_systolic, bp_diastolic, fetal_heart_rate, fundal_height_cm, created_at, updated_at) VALUES ('1a2f8e7d-ede2-4146-9e6a-b9c698e83eef', '7f64c66c-9e93-4fe7-beef-83d217229a61', '2025-11-02', 84, 67.0, 152, 63, 123, 12, NOW(), NOW()) ON CONFLICT DO NOTHING;
INSERT INTO consultations (id, pregnancy_id, date, gestational_age_days, weight_kg, bp_systolic, bp_diastolic, fetal_heart_rate, fundal_height_cm, created_at, updated_at) VALUES ('e8dde303-4b30-42b7-9323-8278c9950738', '7f64c66c-9e93-4fe7-beef-83d217229a61', '2025-11-30', 112, 63.5, 145, 69, 133, 16, NOW(), NOW()) ON CONFLICT DO NOTHING;
INSERT INTO consultations (id, pregnancy_id, date, gestational_age_days, weight_kg, bp_systolic, bp_diastolic, fetal_heart_rate, fundal_height_cm, created_at, updated_at) VALUES ('4373d0a8-7da1-44e1-a342-5cbcdc718651', '7f64c66c-9e93-4fe7-beef-83d217229a61', '2025-12-28', 140, 73.0, 110, 98, 151, 20, NOW(), NOW()) ON CONFLICT DO NOTHING;
INSERT INTO consultations (id, pregnancy_id, date, gestational_age_days, weight_kg, bp_systolic, bp_diastolic, fetal_heart_rate, fundal_height_cm, created_at, updated_at) VALUES ('d14d04bf-dd41-4760-93d0-a481c7b99a93', '7f64c66c-9e93-4fe7-beef-83d217229a61', '2026-01-25', 168, 70.5, 123, 109, 130, 24, NOW(), NOW()) ON CONFLICT DO NOTHING;
INSERT INTO consultations (id, pregnancy_id, date, gestational_age_days, weight_kg, bp_systolic, bp_diastolic, fetal_heart_rate, fundal_height_cm, created_at, updated_at) VALUES ('95394631-4ace-47a0-a67f-e8c48697bc6f', '7f64c66c-9e93-4fe7-beef-83d217229a61', '2026-02-22', 196, 70.0, 153, 105, 125, 28, NOW(), NOW()) ON CONFLICT DO NOTHING;
INSERT INTO bp_readings (id, pregnancy_id, reading_date, reading_time, reading_date_time, systolic, diastolic, gestational_age_days, status, source, created_at, updated_at) VALUES ('31ba9141-0c4b-4fb8-be98-44f656b0cd67', '7f64c66c-9e93-4fe7-beef-83d217229a61', '2026-04-12', '08:00:00', '2026-04-12T18:53:31.719Z', 150, 98, 245, 'attention', 'physician', NOW(), NOW()) ON CONFLICT DO NOTHING;
INSERT INTO bp_readings (id, pregnancy_id, reading_date, reading_time, reading_date_time, systolic, diastolic, gestational_age_days, status, source, created_at, updated_at) VALUES ('38caec3e-8b6c-42a5-b423-5f9426fe806a', '7f64c66c-9e93-4fe7-beef-83d217229a61', '2026-04-09', '08:00:00', '2026-04-09T18:53:31.719Z', 146, 90, 242, 'attention', 'physician', NOW(), NOW()) ON CONFLICT DO NOTHING;
INSERT INTO bp_readings (id, pregnancy_id, reading_date, reading_time, reading_date_time, systolic, diastolic, gestational_age_days, status, source, created_at, updated_at) VALUES ('afc7bf01-6e84-4bc4-954f-731f795ba3f5', '7f64c66c-9e93-4fe7-beef-83d217229a61', '2026-04-06', '08:00:00', '2026-04-06T18:53:31.719Z', 139, 83, 239, 'normal', 'physician', NOW(), NOW()) ON CONFLICT DO NOTHING;
INSERT INTO bp_readings (id, pregnancy_id, reading_date, reading_time, reading_date_time, systolic, diastolic, gestational_age_days, status, source, created_at, updated_at) VALUES ('c10f75b0-6a38-447d-9f91-c290ba400c7f', '7f64c66c-9e93-4fe7-beef-83d217229a61', '2026-04-03', '08:00:00', '2026-04-03T18:53:31.719Z', 148, 84, 236, 'attention', 'physician', NOW(), NOW()) ON CONFLICT DO NOTHING;
INSERT INTO bp_readings (id, pregnancy_id, reading_date, reading_time, reading_date_time, systolic, diastolic, gestational_age_days, status, source, created_at, updated_at) VALUES ('695da4b1-b7d0-4897-a53a-7039963f090e', '7f64c66c-9e93-4fe7-beef-83d217229a61', '2026-03-31', '08:00:00', '2026-03-31T18:53:31.719Z', 151, 88, 233, 'attention', 'physician', NOW(), NOW()) ON CONFLICT DO NOTHING;
INSERT INTO bp_readings (id, pregnancy_id, reading_date, reading_time, reading_date_time, systolic, diastolic, gestational_age_days, status, source, created_at, updated_at) VALUES ('de926122-2dc0-4c2a-8c07-530ac52fdada', '7f64c66c-9e93-4fe7-beef-83d217229a61', '2026-03-28', '08:00:00', '2026-03-28T18:53:31.719Z', 147, 88, 230, 'attention', 'physician', NOW(), NOW()) ON CONFLICT DO NOTHING;
INSERT INTO bp_readings (id, pregnancy_id, reading_date, reading_time, reading_date_time, systolic, diastolic, gestational_age_days, status, source, created_at, updated_at) VALUES ('55dcca87-2130-498e-842d-479db58b94e6', '7f64c66c-9e93-4fe7-beef-83d217229a61', '2026-03-25', '08:00:00', '2026-03-25T18:53:31.719Z', 137, 96, 227, 'normal', 'physician', NOW(), NOW()) ON CONFLICT DO NOTHING;
INSERT INTO bp_readings (id, pregnancy_id, reading_date, reading_time, reading_date_time, systolic, diastolic, gestational_age_days, status, source, created_at, updated_at) VALUES ('cf054f6d-2b2c-4877-a41b-207cf805d30a', '7f64c66c-9e93-4fe7-beef-83d217229a61', '2026-03-22', '08:00:00', '2026-03-22T18:53:31.719Z', 156, 94, 224, 'attention', 'physician', NOW(), NOW()) ON CONFLICT DO NOTHING;
INSERT INTO pregnancies (id, patient_id, lmp_date, edd, ga_method, status, is_high_risk, high_risk_flags, gravida, para, abortus, created_at, updated_at) VALUES ('0f1ed610-ce34-49a3-9598-ae6367497ba2', 'd34730b2-6811-4ab3-83f4-b3a3baa57149', '2025-10-12', '2026-07-19', 'lmp', 'active', true, '{"diabetes","dmg"}', 1, 1, 0, NOW(), NOW()) ON CONFLICT DO NOTHING;
INSERT INTO consultations (id, pregnancy_id, date, gestational_age_days, weight_kg, bp_systolic, bp_diastolic, fetal_heart_rate, fundal_height_cm, created_at, updated_at) VALUES ('c791a5ae-7ea3-43be-a9a0-e8498c6b327f', '0f1ed610-ce34-49a3-9598-ae6367497ba2', '2026-01-04', 84, 67.0, 123, 97, 127, 12, NOW(), NOW()) ON CONFLICT DO NOTHING;
INSERT INTO consultations (id, pregnancy_id, date, gestational_age_days, weight_kg, bp_systolic, bp_diastolic, fetal_heart_rate, fundal_height_cm, created_at, updated_at) VALUES ('e54369b7-d9e7-4029-9875-1d6adf7156f3', '0f1ed610-ce34-49a3-9598-ae6367497ba2', '2026-02-01', 112, 68.5, 110, 96, 125, 16, NOW(), NOW()) ON CONFLICT DO NOTHING;
INSERT INTO consultations (id, pregnancy_id, date, gestational_age_days, weight_kg, bp_systolic, bp_diastolic, fetal_heart_rate, fundal_height_cm, created_at, updated_at) VALUES ('b394e5ed-5ff1-4e9f-a66a-19e51c9ab72f', '0f1ed610-ce34-49a3-9598-ae6367497ba2', '2026-03-01', 140, 82.0, 152, 97, 154, 20, NOW(), NOW()) ON CONFLICT DO NOTHING;
INSERT INTO consultations (id, pregnancy_id, date, gestational_age_days, weight_kg, bp_systolic, bp_diastolic, fetal_heart_rate, fundal_height_cm, created_at, updated_at) VALUES ('65ab1c15-a167-4b85-a149-b45d1a92a5d3', '0f1ed610-ce34-49a3-9598-ae6367497ba2', '2026-03-29', 168, 66.5, 121, 93, 139, 24, NOW(), NOW()) ON CONFLICT DO NOTHING;
INSERT INTO bp_readings (id, pregnancy_id, reading_date, reading_time, reading_date_time, systolic, diastolic, gestational_age_days, status, source, created_at, updated_at) VALUES ('1272b13b-550a-4b44-9837-df9209aa0575', '0f1ed610-ce34-49a3-9598-ae6367497ba2', '2026-04-12', '08:00:00', '2026-04-12T18:53:31.719Z', 151, 83, 182, 'attention', 'physician', NOW(), NOW()) ON CONFLICT DO NOTHING;
INSERT INTO bp_readings (id, pregnancy_id, reading_date, reading_time, reading_date_time, systolic, diastolic, gestational_age_days, status, source, created_at, updated_at) VALUES ('d4177a83-6943-4522-8b15-491c199a254f', '0f1ed610-ce34-49a3-9598-ae6367497ba2', '2026-04-09', '08:00:00', '2026-04-09T18:53:31.719Z', 146, 83, 179, 'attention', 'physician', NOW(), NOW()) ON CONFLICT DO NOTHING;
INSERT INTO bp_readings (id, pregnancy_id, reading_date, reading_time, reading_date_time, systolic, diastolic, gestational_age_days, status, source, created_at, updated_at) VALUES ('d86d462a-e113-45e2-8df7-8ffaf47dc870', '0f1ed610-ce34-49a3-9598-ae6367497ba2', '2026-04-06', '08:00:00', '2026-04-06T18:53:31.719Z', 148, 89, 176, 'attention', 'physician', NOW(), NOW()) ON CONFLICT DO NOTHING;
INSERT INTO bp_readings (id, pregnancy_id, reading_date, reading_time, reading_date_time, systolic, diastolic, gestational_age_days, status, source, created_at, updated_at) VALUES ('4d2c8ccc-3d89-4f8b-a653-0d685d2075ad', '0f1ed610-ce34-49a3-9598-ae6367497ba2', '2026-04-03', '08:00:00', '2026-04-03T18:53:31.719Z', 153, 94, 173, 'attention', 'physician', NOW(), NOW()) ON CONFLICT DO NOTHING;
INSERT INTO bp_readings (id, pregnancy_id, reading_date, reading_time, reading_date_time, systolic, diastolic, gestational_age_days, status, source, created_at, updated_at) VALUES ('d08d3cb8-fa29-41eb-8040-2c361fe695f9', '0f1ed610-ce34-49a3-9598-ae6367497ba2', '2026-03-31', '08:00:00', '2026-03-31T18:53:31.719Z', 141, 82, 170, 'attention', 'physician', NOW(), NOW()) ON CONFLICT DO NOTHING;
INSERT INTO bp_readings (id, pregnancy_id, reading_date, reading_time, reading_date_time, systolic, diastolic, gestational_age_days, status, source, created_at, updated_at) VALUES ('5a8b6b1d-22af-4a7c-8ac6-f36435bae29c', '0f1ed610-ce34-49a3-9598-ae6367497ba2', '2026-03-28', '08:00:00', '2026-03-28T18:53:31.719Z', 148, 82, 167, 'attention', 'physician', NOW(), NOW()) ON CONFLICT DO NOTHING;
INSERT INTO bp_readings (id, pregnancy_id, reading_date, reading_time, reading_date_time, systolic, diastolic, gestational_age_days, status, source, created_at, updated_at) VALUES ('965c38b7-4ccc-4e35-93a5-dc21ca7e7ed4', '0f1ed610-ce34-49a3-9598-ae6367497ba2', '2026-03-25', '08:00:00', '2026-03-25T18:53:31.719Z', 137, 97, 164, 'normal', 'physician', NOW(), NOW()) ON CONFLICT DO NOTHING;
INSERT INTO bp_readings (id, pregnancy_id, reading_date, reading_time, reading_date_time, systolic, diastolic, gestational_age_days, status, source, created_at, updated_at) VALUES ('902fe405-03a0-4838-a45d-134102fffcda', '0f1ed610-ce34-49a3-9598-ae6367497ba2', '2026-03-22', '08:00:00', '2026-03-22T18:53:31.719Z', 150, 91, 161, 'attention', 'physician', NOW(), NOW()) ON CONFLICT DO NOTHING;
INSERT INTO pregnancies (id, patient_id, lmp_date, edd, ga_method, status, is_high_risk, high_risk_flags, gravida, para, abortus, created_at, updated_at) VALUES ('d37d4870-b974-4a58-9959-0d8a8b7a4fa3', '6fe7f683-104a-4809-b7de-03a5285b93b6', '2025-09-14', '2026-06-21', 'lmp', 'active', true, '{"preeclampsia","hipertensao"}', 2, 0, 0, NOW(), NOW()) ON CONFLICT DO NOTHING;
INSERT INTO consultations (id, pregnancy_id, date, gestational_age_days, weight_kg, bp_systolic, bp_diastolic, fetal_heart_rate, fundal_height_cm, created_at, updated_at) VALUES ('d18cdc1e-326d-464b-84a8-49ab78fcd3d5', 'd37d4870-b974-4a58-9959-0d8a8b7a4fa3', '2025-12-07', 84, 73.0, 166, 95, 153, 12, NOW(), NOW()) ON CONFLICT DO NOTHING;
INSERT INTO consultations (id, pregnancy_id, date, gestational_age_days, weight_kg, bp_systolic, bp_diastolic, fetal_heart_rate, fundal_height_cm, created_at, updated_at) VALUES ('fd3414aa-1a71-4860-ad46-561f5ffe6ddb', 'd37d4870-b974-4a58-9959-0d8a8b7a4fa3', '2026-01-04', 112, 58.5, 128, 91, 122, 16, NOW(), NOW()) ON CONFLICT DO NOTHING;
INSERT INTO consultations (id, pregnancy_id, date, gestational_age_days, weight_kg, bp_systolic, bp_diastolic, fetal_heart_rate, fundal_height_cm, created_at, updated_at) VALUES ('6dc4888c-8e28-4fec-bf00-99793e13ff65', 'd37d4870-b974-4a58-9959-0d8a8b7a4fa3', '2026-02-01', 140, 69.0, 119, 90, 139, 20, NOW(), NOW()) ON CONFLICT DO NOTHING;
INSERT INTO bp_readings (id, pregnancy_id, reading_date, reading_time, reading_date_time, systolic, diastolic, gestational_age_days, status, source, created_at, updated_at) VALUES ('45f87af4-25f0-4c87-8f9b-902cc4dd0d8e', 'd37d4870-b974-4a58-9959-0d8a8b7a4fa3', '2026-04-12', '08:00:00', '2026-04-12T18:53:31.719Z', 141, 85, 210, 'attention', 'physician', NOW(), NOW()) ON CONFLICT DO NOTHING;
INSERT INTO bp_readings (id, pregnancy_id, reading_date, reading_time, reading_date_time, systolic, diastolic, gestational_age_days, status, source, created_at, updated_at) VALUES ('4a96d4b7-52d9-421c-a894-82f7959561a7', 'd37d4870-b974-4a58-9959-0d8a8b7a4fa3', '2026-04-09', '08:00:00', '2026-04-09T18:53:31.719Z', 134, 89, 207, 'normal', 'physician', NOW(), NOW()) ON CONFLICT DO NOTHING;
INSERT INTO bp_readings (id, pregnancy_id, reading_date, reading_time, reading_date_time, systolic, diastolic, gestational_age_days, status, source, created_at, updated_at) VALUES ('ee3edbac-19f4-4e5c-8266-237600b61ad2', 'd37d4870-b974-4a58-9959-0d8a8b7a4fa3', '2026-04-06', '08:00:00', '2026-04-06T18:53:31.719Z', 152, 81, 204, 'attention', 'physician', NOW(), NOW()) ON CONFLICT DO NOTHING;
INSERT INTO bp_readings (id, pregnancy_id, reading_date, reading_time, reading_date_time, systolic, diastolic, gestational_age_days, status, source, created_at, updated_at) VALUES ('99034bae-f44c-4aef-8687-27f528b02e5a', 'd37d4870-b974-4a58-9959-0d8a8b7a4fa3', '2026-04-03', '08:00:00', '2026-04-03T18:53:31.719Z', 131, 91, 201, 'normal', 'physician', NOW(), NOW()) ON CONFLICT DO NOTHING;
INSERT INTO bp_readings (id, pregnancy_id, reading_date, reading_time, reading_date_time, systolic, diastolic, gestational_age_days, status, source, created_at, updated_at) VALUES ('a164ea95-fe3a-41dc-8d47-7d4cdd245b74', 'd37d4870-b974-4a58-9959-0d8a8b7a4fa3', '2026-03-31', '08:00:00', '2026-03-31T18:53:31.719Z', 158, 87, 198, 'attention', 'physician', NOW(), NOW()) ON CONFLICT DO NOTHING;
INSERT INTO bp_readings (id, pregnancy_id, reading_date, reading_time, reading_date_time, systolic, diastolic, gestational_age_days, status, source, created_at, updated_at) VALUES ('760bbbb8-0e4d-4363-ac57-56f57a34c8fb', 'd37d4870-b974-4a58-9959-0d8a8b7a4fa3', '2026-03-28', '08:00:00', '2026-03-28T18:53:31.719Z', 159, 81, 195, 'attention', 'physician', NOW(), NOW()) ON CONFLICT DO NOTHING;
INSERT INTO bp_readings (id, pregnancy_id, reading_date, reading_time, reading_date_time, systolic, diastolic, gestational_age_days, status, source, created_at, updated_at) VALUES ('5c54cfcd-5582-4e31-a2fd-80cc69e98eb2', 'd37d4870-b974-4a58-9959-0d8a8b7a4fa3', '2026-03-25', '08:00:00', '2026-03-25T18:53:31.719Z', 135, 98, 192, 'normal', 'physician', NOW(), NOW()) ON CONFLICT DO NOTHING;
INSERT INTO bp_readings (id, pregnancy_id, reading_date, reading_time, reading_date_time, systolic, diastolic, gestational_age_days, status, source, created_at, updated_at) VALUES ('207addd7-38da-4c9b-8b9d-049cd49765e8', 'd37d4870-b974-4a58-9959-0d8a8b7a4fa3', '2026-03-22', '08:00:00', '2026-03-22T18:53:31.719Z', 133, 94, 189, 'normal', 'physician', NOW(), NOW()) ON CONFLICT DO NOTHING;
INSERT INTO pregnancies (id, patient_id, lmp_date, edd, ga_method, status, is_high_risk, high_risk_flags, gravida, para, abortus, created_at, updated_at) VALUES ('a3a55e8a-94db-4673-9eca-578544e4f650', '47265728-6e16-4ab2-80f7-bc7a8253c172', '2025-10-05', '2026-07-12', 'lmp', 'active', true, '{"preeclampsia","hipertensao"}', 3, 0, 0, NOW(), NOW()) ON CONFLICT DO NOTHING;
INSERT INTO consultations (id, pregnancy_id, date, gestational_age_days, weight_kg, bp_systolic, bp_diastolic, fetal_heart_rate, fundal_height_cm, created_at, updated_at) VALUES ('c9d8bbb6-50ad-4e47-86db-fbb19b998d73', 'a3a55e8a-94db-4673-9eca-578544e4f650', '2025-12-28', 84, 76.0, 166, 61, 125, 12, NOW(), NOW()) ON CONFLICT DO NOTHING;
INSERT INTO consultations (id, pregnancy_id, date, gestational_age_days, weight_kg, bp_systolic, bp_diastolic, fetal_heart_rate, fundal_height_cm, created_at, updated_at) VALUES ('161d0915-e980-48b2-ae36-d6ccfeb80f51', 'a3a55e8a-94db-4673-9eca-578544e4f650', '2026-01-25', 112, 79.5, 156, 105, 123, 16, NOW(), NOW()) ON CONFLICT DO NOTHING;
INSERT INTO bp_readings (id, pregnancy_id, reading_date, reading_time, reading_date_time, systolic, diastolic, gestational_age_days, status, source, created_at, updated_at) VALUES ('8421733b-7a84-4c49-af89-a83dbb948f95', 'a3a55e8a-94db-4673-9eca-578544e4f650', '2026-04-12', '08:00:00', '2026-04-12T18:53:31.719Z', 157, 92, 189, 'attention', 'physician', NOW(), NOW()) ON CONFLICT DO NOTHING;
INSERT INTO bp_readings (id, pregnancy_id, reading_date, reading_time, reading_date_time, systolic, diastolic, gestational_age_days, status, source, created_at, updated_at) VALUES ('cc968f76-c59f-4876-bb3e-b17e034f36bd', 'a3a55e8a-94db-4673-9eca-578544e4f650', '2026-04-09', '08:00:00', '2026-04-09T18:53:31.719Z', 153, 98, 186, 'attention', 'physician', NOW(), NOW()) ON CONFLICT DO NOTHING;
INSERT INTO bp_readings (id, pregnancy_id, reading_date, reading_time, reading_date_time, systolic, diastolic, gestational_age_days, status, source, created_at, updated_at) VALUES ('82e24a46-4621-42c3-aa60-e44d32c3e3cd', 'a3a55e8a-94db-4673-9eca-578544e4f650', '2026-04-06', '08:00:00', '2026-04-06T18:53:31.719Z', 144, 97, 183, 'attention', 'physician', NOW(), NOW()) ON CONFLICT DO NOTHING;
INSERT INTO bp_readings (id, pregnancy_id, reading_date, reading_time, reading_date_time, systolic, diastolic, gestational_age_days, status, source, created_at, updated_at) VALUES ('6be952d9-088d-4c51-9aa8-92f4eb6e33a0', 'a3a55e8a-94db-4673-9eca-578544e4f650', '2026-04-03', '08:00:00', '2026-04-03T18:53:31.719Z', 149, 98, 180, 'attention', 'physician', NOW(), NOW()) ON CONFLICT DO NOTHING;
INSERT INTO bp_readings (id, pregnancy_id, reading_date, reading_time, reading_date_time, systolic, diastolic, gestational_age_days, status, source, created_at, updated_at) VALUES ('17142f5c-f0b5-4022-898d-857f1e9e2d7c', 'a3a55e8a-94db-4673-9eca-578544e4f650', '2026-03-31', '08:00:00', '2026-03-31T18:53:31.719Z', 150, 90, 177, 'attention', 'physician', NOW(), NOW()) ON CONFLICT DO NOTHING;
INSERT INTO bp_readings (id, pregnancy_id, reading_date, reading_time, reading_date_time, systolic, diastolic, gestational_age_days, status, source, created_at, updated_at) VALUES ('ad1cbe50-8625-4a5f-88d5-7178cd815d5c', 'a3a55e8a-94db-4673-9eca-578544e4f650', '2026-03-28', '08:00:00', '2026-03-28T18:53:31.719Z', 158, 94, 174, 'attention', 'physician', NOW(), NOW()) ON CONFLICT DO NOTHING;
INSERT INTO bp_readings (id, pregnancy_id, reading_date, reading_time, reading_date_time, systolic, diastolic, gestational_age_days, status, source, created_at, updated_at) VALUES ('577dff4b-7721-4c1e-8a9a-bdea39cf7a79', 'a3a55e8a-94db-4673-9eca-578544e4f650', '2026-03-25', '08:00:00', '2026-03-25T18:53:31.719Z', 131, 88, 171, 'normal', 'physician', NOW(), NOW()) ON CONFLICT DO NOTHING;
INSERT INTO bp_readings (id, pregnancy_id, reading_date, reading_time, reading_date_time, systolic, diastolic, gestational_age_days, status, source, created_at, updated_at) VALUES ('32ae5b6c-462c-4d6c-82b8-8ea1bc6d4d73', 'a3a55e8a-94db-4673-9eca-578544e4f650', '2026-03-22', '08:00:00', '2026-03-22T18:53:31.719Z', 130, 99, 168, 'normal', 'physician', NOW(), NOW()) ON CONFLICT DO NOTHING;
INSERT INTO glucose_readings (id, pregnancy_id, reading_date, reading_time, reading_date_time, measurement_type, glucose_value, status, source, created_at, updated_at) VALUES ('cd9d7ae2-6b3b-4021-a421-8894b8a77830', 'a3a55e8a-94db-4673-9eca-578544e4f650', '2026-04-12', '07:00:00', '2026-04-12T18:53:31.719Z', 'fasting', 93, 'normal', 'physician', NOW(), NOW()) ON CONFLICT DO NOTHING;
INSERT INTO glucose_readings (id, pregnancy_id, reading_date, reading_time, reading_date_time, measurement_type, glucose_value, status, source, created_at, updated_at) VALUES ('22a7bdd3-3161-4b96-8d93-1d5face06aa1', 'a3a55e8a-94db-4673-9eca-578544e4f650', '2026-04-10', '07:00:00', '2026-04-10T18:53:31.719Z', 'fasting', 112, 'attention', 'physician', NOW(), NOW()) ON CONFLICT DO NOTHING;
INSERT INTO glucose_readings (id, pregnancy_id, reading_date, reading_time, reading_date_time, measurement_type, glucose_value, status, source, created_at, updated_at) VALUES ('97d0beaa-83e5-4c8f-86a9-048d53b0d057', 'a3a55e8a-94db-4673-9eca-578544e4f650', '2026-04-08', '07:00:00', '2026-04-08T18:53:31.719Z', 'fasting', 111, 'attention', 'physician', NOW(), NOW()) ON CONFLICT DO NOTHING;
INSERT INTO glucose_readings (id, pregnancy_id, reading_date, reading_time, reading_date_time, measurement_type, glucose_value, status, source, created_at, updated_at) VALUES ('f416125b-8258-493c-8c32-d99db9e58b45', 'a3a55e8a-94db-4673-9eca-578544e4f650', '2026-04-06', '07:00:00', '2026-04-06T18:53:31.719Z', 'fasting', 106, 'attention', 'physician', NOW(), NOW()) ON CONFLICT DO NOTHING;
INSERT INTO glucose_readings (id, pregnancy_id, reading_date, reading_time, reading_date_time, measurement_type, glucose_value, status, source, created_at, updated_at) VALUES ('ee496651-22fb-429c-ad67-1b281322e403', 'a3a55e8a-94db-4673-9eca-578544e4f650', '2026-04-04', '07:00:00', '2026-04-04T18:53:31.719Z', 'fasting', 95, 'normal', 'physician', NOW(), NOW()) ON CONFLICT DO NOTHING;
INSERT INTO glucose_readings (id, pregnancy_id, reading_date, reading_time, reading_date_time, measurement_type, glucose_value, status, source, created_at, updated_at) VALUES ('9f131c10-2ef3-42d4-97aa-3e447521f2b0', 'a3a55e8a-94db-4673-9eca-578544e4f650', '2026-04-02', '07:00:00', '2026-04-02T18:53:31.719Z', 'fasting', 110, 'attention', 'physician', NOW(), NOW()) ON CONFLICT DO NOTHING;
INSERT INTO glucose_readings (id, pregnancy_id, reading_date, reading_time, reading_date_time, measurement_type, glucose_value, status, source, created_at, updated_at) VALUES ('6f14e646-515e-4d85-b3ea-e2d9984fe8ba', 'a3a55e8a-94db-4673-9eca-578544e4f650', '2026-03-31', '07:00:00', '2026-03-31T18:53:31.719Z', 'fasting', 100, 'attention', 'physician', NOW(), NOW()) ON CONFLICT DO NOTHING;
INSERT INTO glucose_readings (id, pregnancy_id, reading_date, reading_time, reading_date_time, measurement_type, glucose_value, status, source, created_at, updated_at) VALUES ('33d0c3c7-5815-4301-8fee-ccee3a30c917', 'a3a55e8a-94db-4673-9eca-578544e4f650', '2026-03-29', '07:00:00', '2026-03-29T18:53:31.719Z', 'fasting', 104, 'attention', 'physician', NOW(), NOW()) ON CONFLICT DO NOTHING;
INSERT INTO glucose_readings (id, pregnancy_id, reading_date, reading_time, reading_date_time, measurement_type, glucose_value, status, source, created_at, updated_at) VALUES ('636c370c-dbc2-4c17-86ce-b75c807244d1', 'a3a55e8a-94db-4673-9eca-578544e4f650', '2026-03-27', '07:00:00', '2026-03-27T18:53:31.719Z', 'fasting', 122, 'attention', 'physician', NOW(), NOW()) ON CONFLICT DO NOTHING;
INSERT INTO glucose_readings (id, pregnancy_id, reading_date, reading_time, reading_date_time, measurement_type, glucose_value, status, source, created_at, updated_at) VALUES ('55a56723-f34b-4bd6-9ece-fa3b4a555c8b', 'a3a55e8a-94db-4673-9eca-578544e4f650', '2026-03-25', '07:00:00', '2026-03-25T18:53:31.719Z', 'fasting', 101, 'attention', 'physician', NOW(), NOW()) ON CONFLICT DO NOTHING;
INSERT INTO pregnancies (id, patient_id, lmp_date, edd, ga_method, status, is_high_risk, high_risk_flags, gravida, para, abortus, created_at, updated_at) VALUES ('6b55fe77-9209-4d8a-adaa-da3d28d24111', '0d4ad41e-b6e5-428f-afcc-5be9cfd11e1e', '2025-09-07', '2026-06-14', 'lmp', 'active', true, '{"preeclampsia","hipertensao"}', 3, 0, 0, NOW(), NOW()) ON CONFLICT DO NOTHING;
INSERT INTO consultations (id, pregnancy_id, date, gestational_age_days, weight_kg, bp_systolic, bp_diastolic, fetal_heart_rate, fundal_height_cm, created_at, updated_at) VALUES ('bad1d1e9-ef96-4ca2-87b4-7e4d9e82f5d7', '6b55fe77-9209-4d8a-adaa-da3d28d24111', '2025-11-30', 84, 66.0, 126, 96, 135, 12, NOW(), NOW()) ON CONFLICT DO NOTHING;
INSERT INTO consultations (id, pregnancy_id, date, gestational_age_days, weight_kg, bp_systolic, bp_diastolic, fetal_heart_rate, fundal_height_cm, created_at, updated_at) VALUES ('5427765a-9468-43d6-9f0a-2b82064750f1', '6b55fe77-9209-4d8a-adaa-da3d28d24111', '2025-12-28', 112, 63.5, 140, 71, 123, 16, NOW(), NOW()) ON CONFLICT DO NOTHING;
INSERT INTO consultations (id, pregnancy_id, date, gestational_age_days, weight_kg, bp_systolic, bp_diastolic, fetal_heart_rate, fundal_height_cm, created_at, updated_at) VALUES ('8744e440-55a6-4145-9d21-565ad48f1e90', '6b55fe77-9209-4d8a-adaa-da3d28d24111', '2026-01-25', 140, 63.0, 143, 108, 126, 20, NOW(), NOW()) ON CONFLICT DO NOTHING;
INSERT INTO consultations (id, pregnancy_id, date, gestational_age_days, weight_kg, bp_systolic, bp_diastolic, fetal_heart_rate, fundal_height_cm, created_at, updated_at) VALUES ('accd6316-951e-4203-84c2-8be5120bfcbd', '6b55fe77-9209-4d8a-adaa-da3d28d24111', '2026-02-22', 168, 72.5, 154, 107, 152, 24, NOW(), NOW()) ON CONFLICT DO NOTHING;
INSERT INTO consultations (id, pregnancy_id, date, gestational_age_days, weight_kg, bp_systolic, bp_diastolic, fetal_heart_rate, fundal_height_cm, created_at, updated_at) VALUES ('738e9f89-8f86-492e-9d93-331f0a7ba9e1', '6b55fe77-9209-4d8a-adaa-da3d28d24111', '2026-03-22', 196, 71.0, 156, 102, 126, 28, NOW(), NOW()) ON CONFLICT DO NOTHING;
INSERT INTO bp_readings (id, pregnancy_id, reading_date, reading_time, reading_date_time, systolic, diastolic, gestational_age_days, status, source, created_at, updated_at) VALUES ('8d2d32ef-4302-48f1-91f4-a1be3bd0c052', '6b55fe77-9209-4d8a-adaa-da3d28d24111', '2026-04-12', '08:00:00', '2026-04-12T18:53:31.719Z', 156, 85, 217, 'attention', 'physician', NOW(), NOW()) ON CONFLICT DO NOTHING;
INSERT INTO bp_readings (id, pregnancy_id, reading_date, reading_time, reading_date_time, systolic, diastolic, gestational_age_days, status, source, created_at, updated_at) VALUES ('0fd8c7ba-dda6-40e1-a2f9-936aebf7725f', '6b55fe77-9209-4d8a-adaa-da3d28d24111', '2026-04-09', '08:00:00', '2026-04-09T18:53:31.719Z', 143, 87, 214, 'attention', 'physician', NOW(), NOW()) ON CONFLICT DO NOTHING;
INSERT INTO bp_readings (id, pregnancy_id, reading_date, reading_time, reading_date_time, systolic, diastolic, gestational_age_days, status, source, created_at, updated_at) VALUES ('27893013-44bf-4432-953c-1fb262d8f1ac', '6b55fe77-9209-4d8a-adaa-da3d28d24111', '2026-04-06', '08:00:00', '2026-04-06T18:53:31.719Z', 132, 89, 211, 'normal', 'physician', NOW(), NOW()) ON CONFLICT DO NOTHING;
INSERT INTO bp_readings (id, pregnancy_id, reading_date, reading_time, reading_date_time, systolic, diastolic, gestational_age_days, status, source, created_at, updated_at) VALUES ('98ecc8b2-344a-4f73-b4fa-bbe19ac0efc8', '6b55fe77-9209-4d8a-adaa-da3d28d24111', '2026-04-03', '08:00:00', '2026-04-03T18:53:31.719Z', 140, 99, 208, 'attention', 'physician', NOW(), NOW()) ON CONFLICT DO NOTHING;
INSERT INTO bp_readings (id, pregnancy_id, reading_date, reading_time, reading_date_time, systolic, diastolic, gestational_age_days, status, source, created_at, updated_at) VALUES ('c36418a6-b427-433a-bf15-6ad9af8b29c3', '6b55fe77-9209-4d8a-adaa-da3d28d24111', '2026-03-31', '08:00:00', '2026-03-31T18:53:31.719Z', 135, 99, 205, 'normal', 'physician', NOW(), NOW()) ON CONFLICT DO NOTHING;
INSERT INTO bp_readings (id, pregnancy_id, reading_date, reading_time, reading_date_time, systolic, diastolic, gestational_age_days, status, source, created_at, updated_at) VALUES ('c7a9df27-dac2-42f2-99ee-1e4de5008f68', '6b55fe77-9209-4d8a-adaa-da3d28d24111', '2026-03-28', '08:00:00', '2026-03-28T18:53:31.719Z', 143, 86, 202, 'attention', 'physician', NOW(), NOW()) ON CONFLICT DO NOTHING;
INSERT INTO bp_readings (id, pregnancy_id, reading_date, reading_time, reading_date_time, systolic, diastolic, gestational_age_days, status, source, created_at, updated_at) VALUES ('cab51f66-2c7f-4dbe-aeb0-dc660e10aee2', '6b55fe77-9209-4d8a-adaa-da3d28d24111', '2026-03-25', '08:00:00', '2026-03-25T18:53:31.719Z', 148, 93, 199, 'attention', 'physician', NOW(), NOW()) ON CONFLICT DO NOTHING;
INSERT INTO bp_readings (id, pregnancy_id, reading_date, reading_time, reading_date_time, systolic, diastolic, gestational_age_days, status, source, created_at, updated_at) VALUES ('ad2e1bd3-bd35-40e2-963a-5e285af2600c', '6b55fe77-9209-4d8a-adaa-da3d28d24111', '2026-03-22', '08:00:00', '2026-03-22T18:53:31.719Z', 146, 87, 196, 'attention', 'physician', NOW(), NOW()) ON CONFLICT DO NOTHING;
INSERT INTO glucose_readings (id, pregnancy_id, reading_date, reading_time, reading_date_time, measurement_type, glucose_value, status, source, created_at, updated_at) VALUES ('2510bb3f-281f-4fc9-a61b-cbcd6991edf0', '6b55fe77-9209-4d8a-adaa-da3d28d24111', '2026-04-12', '07:00:00', '2026-04-12T18:53:31.719Z', 'fasting', 110, 'attention', 'physician', NOW(), NOW()) ON CONFLICT DO NOTHING;
INSERT INTO glucose_readings (id, pregnancy_id, reading_date, reading_time, reading_date_time, measurement_type, glucose_value, status, source, created_at, updated_at) VALUES ('bd4af9ce-2a3d-47e5-aa6b-9264c99aa189', '6b55fe77-9209-4d8a-adaa-da3d28d24111', '2026-04-10', '07:00:00', '2026-04-10T18:53:31.719Z', 'fasting', 117, 'attention', 'physician', NOW(), NOW()) ON CONFLICT DO NOTHING;
INSERT INTO glucose_readings (id, pregnancy_id, reading_date, reading_time, reading_date_time, measurement_type, glucose_value, status, source, created_at, updated_at) VALUES ('01a32e12-f5c9-4b4a-bea8-86bf364200a6', '6b55fe77-9209-4d8a-adaa-da3d28d24111', '2026-04-08', '07:00:00', '2026-04-08T18:53:31.719Z', 'fasting', 100, 'attention', 'physician', NOW(), NOW()) ON CONFLICT DO NOTHING;
INSERT INTO glucose_readings (id, pregnancy_id, reading_date, reading_time, reading_date_time, measurement_type, glucose_value, status, source, created_at, updated_at) VALUES ('9da775f2-a3e2-4e8d-9ea6-0e64d9ff9253', '6b55fe77-9209-4d8a-adaa-da3d28d24111', '2026-04-06', '07:00:00', '2026-04-06T18:53:31.719Z', 'fasting', 93, 'normal', 'physician', NOW(), NOW()) ON CONFLICT DO NOTHING;
INSERT INTO glucose_readings (id, pregnancy_id, reading_date, reading_time, reading_date_time, measurement_type, glucose_value, status, source, created_at, updated_at) VALUES ('f8c018d0-11e7-4740-ab1a-7602991a5bc8', '6b55fe77-9209-4d8a-adaa-da3d28d24111', '2026-04-04', '07:00:00', '2026-04-04T18:53:31.719Z', 'fasting', 121, 'attention', 'physician', NOW(), NOW()) ON CONFLICT DO NOTHING;
INSERT INTO glucose_readings (id, pregnancy_id, reading_date, reading_time, reading_date_time, measurement_type, glucose_value, status, source, created_at, updated_at) VALUES ('e7dd5141-2323-49ee-b21b-854f67966ba6', '6b55fe77-9209-4d8a-adaa-da3d28d24111', '2026-04-02', '07:00:00', '2026-04-02T18:53:31.719Z', 'fasting', 104, 'attention', 'physician', NOW(), NOW()) ON CONFLICT DO NOTHING;
INSERT INTO glucose_readings (id, pregnancy_id, reading_date, reading_time, reading_date_time, measurement_type, glucose_value, status, source, created_at, updated_at) VALUES ('64272427-0c24-4c82-bc46-9634168a90c5', '6b55fe77-9209-4d8a-adaa-da3d28d24111', '2026-03-31', '07:00:00', '2026-03-31T18:53:31.719Z', 'fasting', 92, 'normal', 'physician', NOW(), NOW()) ON CONFLICT DO NOTHING;
INSERT INTO glucose_readings (id, pregnancy_id, reading_date, reading_time, reading_date_time, measurement_type, glucose_value, status, source, created_at, updated_at) VALUES ('df25482b-3761-4e20-8a41-9e4c0be06fd1', '6b55fe77-9209-4d8a-adaa-da3d28d24111', '2026-03-29', '07:00:00', '2026-03-29T18:53:31.719Z', 'fasting', 123, 'attention', 'physician', NOW(), NOW()) ON CONFLICT DO NOTHING;
INSERT INTO glucose_readings (id, pregnancy_id, reading_date, reading_time, reading_date_time, measurement_type, glucose_value, status, source, created_at, updated_at) VALUES ('c62a4fb7-b95b-478a-be6c-9120cd4721be', '6b55fe77-9209-4d8a-adaa-da3d28d24111', '2026-03-27', '07:00:00', '2026-03-27T18:53:31.719Z', 'fasting', 93, 'normal', 'physician', NOW(), NOW()) ON CONFLICT DO NOTHING;
INSERT INTO glucose_readings (id, pregnancy_id, reading_date, reading_time, reading_date_time, measurement_type, glucose_value, status, source, created_at, updated_at) VALUES ('ab000c47-de91-487b-947d-a8e866ab07d6', '6b55fe77-9209-4d8a-adaa-da3d28d24111', '2026-03-25', '07:00:00', '2026-03-25T18:53:31.719Z', 'fasting', 91, 'normal', 'physician', NOW(), NOW()) ON CONFLICT DO NOTHING;
INSERT INTO pregnancies (id, patient_id, lmp_date, edd, ga_method, status, is_high_risk, high_risk_flags, gravida, para, abortus, created_at, updated_at) VALUES ('f43eaa5f-9a51-4c13-864e-027caa042cdf', '0caa1db5-5764-4ebe-851e-1ec6bd168e76', '2025-10-26', '2026-08-02', 'lmp', 'active', true, '{"diabetes","dmg"}', 1, 1, 0, NOW(), NOW()) ON CONFLICT DO NOTHING;
INSERT INTO consultations (id, pregnancy_id, date, gestational_age_days, weight_kg, bp_systolic, bp_diastolic, fetal_heart_rate, fundal_height_cm, created_at, updated_at) VALUES ('6adaf825-23ce-4226-a745-c96b1cd1a1f9', 'f43eaa5f-9a51-4c13-864e-027caa042cdf', '2026-01-18', 84, 72.0, 155, 105, 130, 12, NOW(), NOW()) ON CONFLICT DO NOTHING;
INSERT INTO consultations (id, pregnancy_id, date, gestational_age_days, weight_kg, bp_systolic, bp_diastolic, fetal_heart_rate, fundal_height_cm, created_at, updated_at) VALUES ('1f4f53a0-c6eb-4808-a6ff-be8f7062824e', 'f43eaa5f-9a51-4c13-864e-027caa042cdf', '2026-02-15', 112, 67.5, 129, 94, 126, 16, NOW(), NOW()) ON CONFLICT DO NOTHING;
INSERT INTO consultations (id, pregnancy_id, date, gestational_age_days, weight_kg, bp_systolic, bp_diastolic, fetal_heart_rate, fundal_height_cm, created_at, updated_at) VALUES ('5e7e45a0-bdd8-4fa8-8fbd-ce5451e21d04', 'f43eaa5f-9a51-4c13-864e-027caa042cdf', '2026-03-15', 140, 74.0, 118, 62, 143, 20, NOW(), NOW()) ON CONFLICT DO NOTHING;
INSERT INTO bp_readings (id, pregnancy_id, reading_date, reading_time, reading_date_time, systolic, diastolic, gestational_age_days, status, source, created_at, updated_at) VALUES ('571d71fd-d5b1-4821-9201-1910022fb2a9', 'f43eaa5f-9a51-4c13-864e-027caa042cdf', '2026-04-12', '08:00:00', '2026-04-12T18:53:31.719Z', 143, 85, 168, 'attention', 'physician', NOW(), NOW()) ON CONFLICT DO NOTHING;
INSERT INTO bp_readings (id, pregnancy_id, reading_date, reading_time, reading_date_time, systolic, diastolic, gestational_age_days, status, source, created_at, updated_at) VALUES ('d198c0d5-8de8-43be-85b9-b3d99102d453', 'f43eaa5f-9a51-4c13-864e-027caa042cdf', '2026-04-09', '08:00:00', '2026-04-09T18:53:31.719Z', 153, 85, 165, 'attention', 'physician', NOW(), NOW()) ON CONFLICT DO NOTHING;
INSERT INTO bp_readings (id, pregnancy_id, reading_date, reading_time, reading_date_time, systolic, diastolic, gestational_age_days, status, source, created_at, updated_at) VALUES ('c9c85df7-9911-4ce6-82cf-8f58cf92a47b', 'f43eaa5f-9a51-4c13-864e-027caa042cdf', '2026-04-06', '08:00:00', '2026-04-06T18:53:31.719Z', 135, 95, 162, 'normal', 'physician', NOW(), NOW()) ON CONFLICT DO NOTHING;
INSERT INTO bp_readings (id, pregnancy_id, reading_date, reading_time, reading_date_time, systolic, diastolic, gestational_age_days, status, source, created_at, updated_at) VALUES ('9d2e3e75-9bf2-4489-9d0d-dbf61dcab909', 'f43eaa5f-9a51-4c13-864e-027caa042cdf', '2026-04-03', '08:00:00', '2026-04-03T18:53:31.719Z', 154, 95, 159, 'attention', 'physician', NOW(), NOW()) ON CONFLICT DO NOTHING;
INSERT INTO bp_readings (id, pregnancy_id, reading_date, reading_time, reading_date_time, systolic, diastolic, gestational_age_days, status, source, created_at, updated_at) VALUES ('0c4572a8-afc4-426b-b5b7-7da4cdfbc715', 'f43eaa5f-9a51-4c13-864e-027caa042cdf', '2026-03-31', '08:00:00', '2026-03-31T18:53:31.719Z', 153, 80, 156, 'attention', 'physician', NOW(), NOW()) ON CONFLICT DO NOTHING;
INSERT INTO bp_readings (id, pregnancy_id, reading_date, reading_time, reading_date_time, systolic, diastolic, gestational_age_days, status, source, created_at, updated_at) VALUES ('3c040769-44e0-4036-8201-e78574ea2084', 'f43eaa5f-9a51-4c13-864e-027caa042cdf', '2026-03-28', '08:00:00', '2026-03-28T18:53:31.719Z', 153, 94, 153, 'attention', 'physician', NOW(), NOW()) ON CONFLICT DO NOTHING;
INSERT INTO bp_readings (id, pregnancy_id, reading_date, reading_time, reading_date_time, systolic, diastolic, gestational_age_days, status, source, created_at, updated_at) VALUES ('713edb84-9613-4691-8d66-0b70cef591e8', 'f43eaa5f-9a51-4c13-864e-027caa042cdf', '2026-03-25', '08:00:00', '2026-03-25T18:53:31.719Z', 155, 89, 150, 'attention', 'physician', NOW(), NOW()) ON CONFLICT DO NOTHING;
INSERT INTO bp_readings (id, pregnancy_id, reading_date, reading_time, reading_date_time, systolic, diastolic, gestational_age_days, status, source, created_at, updated_at) VALUES ('95c75143-aa9e-4e4c-8d9f-7e199c04c7b3', 'f43eaa5f-9a51-4c13-864e-027caa042cdf', '2026-03-22', '08:00:00', '2026-03-22T18:53:31.719Z', 146, 89, 147, 'attention', 'physician', NOW(), NOW()) ON CONFLICT DO NOTHING;
INSERT INTO pregnancies (id, patient_id, lmp_date, edd, ga_method, status, is_high_risk, high_risk_flags, gravida, para, abortus, created_at, updated_at) VALUES ('ef8b19c8-1ff4-492f-ac79-1c4541ee6b4e', '425dc0c7-0504-489c-bba9-9cd94d41109b', '2025-09-21', '2026-06-28', 'lmp', 'active', true, '{"preeclampsia","hipertensao"}', 3, 0, 0, NOW(), NOW()) ON CONFLICT DO NOTHING;
INSERT INTO consultations (id, pregnancy_id, date, gestational_age_days, weight_kg, bp_systolic, bp_diastolic, fetal_heart_rate, fundal_height_cm, created_at, updated_at) VALUES ('f43a5ec7-51ec-470a-9d73-ae38cb4ab708', 'ef8b19c8-1ff4-492f-ac79-1c4541ee6b4e', '2025-12-14', 84, 75.0, 115, 92, 148, 12, NOW(), NOW()) ON CONFLICT DO NOTHING;
INSERT INTO consultations (id, pregnancy_id, date, gestational_age_days, weight_kg, bp_systolic, bp_diastolic, fetal_heart_rate, fundal_height_cm, created_at, updated_at) VALUES ('140064cc-f04d-4982-9b6e-24c978659d0d', 'ef8b19c8-1ff4-492f-ac79-1c4541ee6b4e', '2026-01-11', 112, 67.5, 144, 109, 156, 16, NOW(), NOW()) ON CONFLICT DO NOTHING;
INSERT INTO consultations (id, pregnancy_id, date, gestational_age_days, weight_kg, bp_systolic, bp_diastolic, fetal_heart_rate, fundal_height_cm, created_at, updated_at) VALUES ('c95f5d5e-e177-4567-a460-d9aea09fff16', 'ef8b19c8-1ff4-492f-ac79-1c4541ee6b4e', '2026-02-08', 140, 69.0, 114, 67, 122, 20, NOW(), NOW()) ON CONFLICT DO NOTHING;
INSERT INTO bp_readings (id, pregnancy_id, reading_date, reading_time, reading_date_time, systolic, diastolic, gestational_age_days, status, source, created_at, updated_at) VALUES ('8833ae78-c20b-4e09-9c01-96277fd9ba88', 'ef8b19c8-1ff4-492f-ac79-1c4541ee6b4e', '2026-04-12', '08:00:00', '2026-04-12T18:53:31.719Z', 157, 92, 203, 'attention', 'physician', NOW(), NOW()) ON CONFLICT DO NOTHING;
INSERT INTO bp_readings (id, pregnancy_id, reading_date, reading_time, reading_date_time, systolic, diastolic, gestational_age_days, status, source, created_at, updated_at) VALUES ('2d68375c-eb20-4996-b75e-ac6a39a8b89a', 'ef8b19c8-1ff4-492f-ac79-1c4541ee6b4e', '2026-04-09', '08:00:00', '2026-04-09T18:53:31.719Z', 145, 98, 200, 'attention', 'physician', NOW(), NOW()) ON CONFLICT DO NOTHING;
INSERT INTO bp_readings (id, pregnancy_id, reading_date, reading_time, reading_date_time, systolic, diastolic, gestational_age_days, status, source, created_at, updated_at) VALUES ('b383716b-ac0f-45e3-bf0e-9c8d7dfa4b73', 'ef8b19c8-1ff4-492f-ac79-1c4541ee6b4e', '2026-04-06', '08:00:00', '2026-04-06T18:53:31.719Z', 155, 97, 197, 'attention', 'physician', NOW(), NOW()) ON CONFLICT DO NOTHING;
INSERT INTO bp_readings (id, pregnancy_id, reading_date, reading_time, reading_date_time, systolic, diastolic, gestational_age_days, status, source, created_at, updated_at) VALUES ('625eef16-bb86-46c4-af0f-4e98576e696b', 'ef8b19c8-1ff4-492f-ac79-1c4541ee6b4e', '2026-04-03', '08:00:00', '2026-04-03T18:53:31.719Z', 157, 90, 194, 'attention', 'physician', NOW(), NOW()) ON CONFLICT DO NOTHING;
INSERT INTO bp_readings (id, pregnancy_id, reading_date, reading_time, reading_date_time, systolic, diastolic, gestational_age_days, status, source, created_at, updated_at) VALUES ('6fab8fab-4036-4bcf-bad5-391cea2d9198', 'ef8b19c8-1ff4-492f-ac79-1c4541ee6b4e', '2026-03-31', '08:00:00', '2026-03-31T18:53:31.719Z', 149, 82, 191, 'attention', 'physician', NOW(), NOW()) ON CONFLICT DO NOTHING;
INSERT INTO bp_readings (id, pregnancy_id, reading_date, reading_time, reading_date_time, systolic, diastolic, gestational_age_days, status, source, created_at, updated_at) VALUES ('9b47c825-3e95-421a-aa0c-07c499ad37f9', 'ef8b19c8-1ff4-492f-ac79-1c4541ee6b4e', '2026-03-28', '08:00:00', '2026-03-28T18:53:31.719Z', 136, 94, 188, 'normal', 'physician', NOW(), NOW()) ON CONFLICT DO NOTHING;
INSERT INTO bp_readings (id, pregnancy_id, reading_date, reading_time, reading_date_time, systolic, diastolic, gestational_age_days, status, source, created_at, updated_at) VALUES ('de42c798-1651-4faa-8af0-3d8e7bd8967a', 'ef8b19c8-1ff4-492f-ac79-1c4541ee6b4e', '2026-03-25', '08:00:00', '2026-03-25T18:53:31.719Z', 149, 98, 185, 'attention', 'physician', NOW(), NOW()) ON CONFLICT DO NOTHING;
INSERT INTO bp_readings (id, pregnancy_id, reading_date, reading_time, reading_date_time, systolic, diastolic, gestational_age_days, status, source, created_at, updated_at) VALUES ('8b6626ea-0a24-4e76-b5ee-ba5d6308ef15', 'ef8b19c8-1ff4-492f-ac79-1c4541ee6b4e', '2026-03-22', '08:00:00', '2026-03-22T18:53:31.719Z', 134, 80, 182, 'normal', 'physician', NOW(), NOW()) ON CONFLICT DO NOTHING;
INSERT INTO pregnancies (id, patient_id, lmp_date, edd, ga_method, status, is_high_risk, high_risk_flags, gravida, para, abortus, created_at, updated_at) VALUES ('9669c096-dd0d-480a-9341-9738ef4fe543', '822c7369-1b35-4cab-b900-b624ee89a771', '2025-10-19', '2026-07-26', 'lmp', 'active', true, '{"preeclampsia","hipertensao"}', 2, 0, 0, NOW(), NOW()) ON CONFLICT DO NOTHING;
INSERT INTO consultations (id, pregnancy_id, date, gestational_age_days, weight_kg, bp_systolic, bp_diastolic, fetal_heart_rate, fundal_height_cm, created_at, updated_at) VALUES ('6c2ddf81-737a-4e85-a727-89abca839355', '9669c096-dd0d-480a-9341-9738ef4fe543', '2026-01-11', 84, 61.0, 167, 71, 159, 12, NOW(), NOW()) ON CONFLICT DO NOTHING;
INSERT INTO consultations (id, pregnancy_id, date, gestational_age_days, weight_kg, bp_systolic, bp_diastolic, fetal_heart_rate, fundal_height_cm, created_at, updated_at) VALUES ('6e03ec02-4ab7-4a7a-bfe5-6ae74a1d77b6', '9669c096-dd0d-480a-9341-9738ef4fe543', '2026-02-08', 112, 67.5, 169, 78, 140, 16, NOW(), NOW()) ON CONFLICT DO NOTHING;
INSERT INTO bp_readings (id, pregnancy_id, reading_date, reading_time, reading_date_time, systolic, diastolic, gestational_age_days, status, source, created_at, updated_at) VALUES ('f075014b-df68-4dff-878c-e76438386b43', '9669c096-dd0d-480a-9341-9738ef4fe543', '2026-04-12', '08:00:00', '2026-04-12T18:53:31.719Z', 141, 94, 175, 'attention', 'physician', NOW(), NOW()) ON CONFLICT DO NOTHING;
INSERT INTO bp_readings (id, pregnancy_id, reading_date, reading_time, reading_date_time, systolic, diastolic, gestational_age_days, status, source, created_at, updated_at) VALUES ('c0493779-59e2-4ec2-ba93-c4f18a7d8758', '9669c096-dd0d-480a-9341-9738ef4fe543', '2026-04-09', '08:00:00', '2026-04-09T18:53:31.719Z', 141, 99, 172, 'attention', 'physician', NOW(), NOW()) ON CONFLICT DO NOTHING;
INSERT INTO bp_readings (id, pregnancy_id, reading_date, reading_time, reading_date_time, systolic, diastolic, gestational_age_days, status, source, created_at, updated_at) VALUES ('2820cf12-2117-429a-bb4b-9a52f4c7a1df', '9669c096-dd0d-480a-9341-9738ef4fe543', '2026-04-06', '08:00:00', '2026-04-06T18:53:31.719Z', 139, 91, 169, 'normal', 'physician', NOW(), NOW()) ON CONFLICT DO NOTHING;
INSERT INTO bp_readings (id, pregnancy_id, reading_date, reading_time, reading_date_time, systolic, diastolic, gestational_age_days, status, source, created_at, updated_at) VALUES ('8923c31c-2eb0-45e3-a521-7c4ef1b4ef38', '9669c096-dd0d-480a-9341-9738ef4fe543', '2026-04-03', '08:00:00', '2026-04-03T18:53:31.719Z', 136, 82, 166, 'normal', 'physician', NOW(), NOW()) ON CONFLICT DO NOTHING;
INSERT INTO bp_readings (id, pregnancy_id, reading_date, reading_time, reading_date_time, systolic, diastolic, gestational_age_days, status, source, created_at, updated_at) VALUES ('46aee06e-4176-45cf-91e1-a14da7c7e07d', '9669c096-dd0d-480a-9341-9738ef4fe543', '2026-03-31', '08:00:00', '2026-03-31T18:53:31.719Z', 154, 93, 163, 'attention', 'physician', NOW(), NOW()) ON CONFLICT DO NOTHING;
INSERT INTO bp_readings (id, pregnancy_id, reading_date, reading_time, reading_date_time, systolic, diastolic, gestational_age_days, status, source, created_at, updated_at) VALUES ('97129fdb-966d-4e0b-a81c-2c481488e303', '9669c096-dd0d-480a-9341-9738ef4fe543', '2026-03-28', '08:00:00', '2026-03-28T18:53:31.719Z', 158, 81, 160, 'attention', 'physician', NOW(), NOW()) ON CONFLICT DO NOTHING;
INSERT INTO bp_readings (id, pregnancy_id, reading_date, reading_time, reading_date_time, systolic, diastolic, gestational_age_days, status, source, created_at, updated_at) VALUES ('8cec4f50-d6df-4d88-b8b4-5656c2260744', '9669c096-dd0d-480a-9341-9738ef4fe543', '2026-03-25', '08:00:00', '2026-03-25T18:53:31.719Z', 154, 87, 157, 'attention', 'physician', NOW(), NOW()) ON CONFLICT DO NOTHING;
INSERT INTO bp_readings (id, pregnancy_id, reading_date, reading_time, reading_date_time, systolic, diastolic, gestational_age_days, status, source, created_at, updated_at) VALUES ('cd6eaad2-56c2-46fa-bc2e-5ada6c5cc53c', '9669c096-dd0d-480a-9341-9738ef4fe543', '2026-03-22', '08:00:00', '2026-03-22T18:53:31.719Z', 134, 88, 154, 'normal', 'physician', NOW(), NOW()) ON CONFLICT DO NOTHING;
INSERT INTO glucose_readings (id, pregnancy_id, reading_date, reading_time, reading_date_time, measurement_type, glucose_value, status, source, created_at, updated_at) VALUES ('093a59c5-f666-4de4-a915-dd23a06a475a', '9669c096-dd0d-480a-9341-9738ef4fe543', '2026-04-12', '07:00:00', '2026-04-12T18:53:31.719Z', 'fasting', 119, 'attention', 'physician', NOW(), NOW()) ON CONFLICT DO NOTHING;
INSERT INTO glucose_readings (id, pregnancy_id, reading_date, reading_time, reading_date_time, measurement_type, glucose_value, status, source, created_at, updated_at) VALUES ('07845ed1-ff62-47f3-be1d-30b70905c685', '9669c096-dd0d-480a-9341-9738ef4fe543', '2026-04-10', '07:00:00', '2026-04-10T18:53:31.719Z', 'fasting', 102, 'attention', 'physician', NOW(), NOW()) ON CONFLICT DO NOTHING;
INSERT INTO glucose_readings (id, pregnancy_id, reading_date, reading_time, reading_date_time, measurement_type, glucose_value, status, source, created_at, updated_at) VALUES ('60ad2a73-2b14-438d-9477-22e5bd948e4d', '9669c096-dd0d-480a-9341-9738ef4fe543', '2026-04-08', '07:00:00', '2026-04-08T18:53:31.719Z', 'fasting', 96, 'attention', 'physician', NOW(), NOW()) ON CONFLICT DO NOTHING;
INSERT INTO glucose_readings (id, pregnancy_id, reading_date, reading_time, reading_date_time, measurement_type, glucose_value, status, source, created_at, updated_at) VALUES ('07bc196f-3738-4b02-b81c-a1a39552094c', '9669c096-dd0d-480a-9341-9738ef4fe543', '2026-04-06', '07:00:00', '2026-04-06T18:53:31.719Z', 'fasting', 114, 'attention', 'physician', NOW(), NOW()) ON CONFLICT DO NOTHING;
INSERT INTO glucose_readings (id, pregnancy_id, reading_date, reading_time, reading_date_time, measurement_type, glucose_value, status, source, created_at, updated_at) VALUES ('ac50f0ce-dcf0-4215-a701-30e9708ddd43', '9669c096-dd0d-480a-9341-9738ef4fe543', '2026-04-04', '07:00:00', '2026-04-04T18:53:31.719Z', 'fasting', 116, 'attention', 'physician', NOW(), NOW()) ON CONFLICT DO NOTHING;
INSERT INTO glucose_readings (id, pregnancy_id, reading_date, reading_time, reading_date_time, measurement_type, glucose_value, status, source, created_at, updated_at) VALUES ('1edd088a-3838-4931-abbb-f3135b8a07d3', '9669c096-dd0d-480a-9341-9738ef4fe543', '2026-04-02', '07:00:00', '2026-04-02T18:53:31.719Z', 'fasting', 102, 'attention', 'physician', NOW(), NOW()) ON CONFLICT DO NOTHING;
INSERT INTO glucose_readings (id, pregnancy_id, reading_date, reading_time, reading_date_time, measurement_type, glucose_value, status, source, created_at, updated_at) VALUES ('3922db14-b8ec-485a-a4dc-8587ccfac169', '9669c096-dd0d-480a-9341-9738ef4fe543', '2026-03-31', '07:00:00', '2026-03-31T18:53:31.719Z', 'fasting', 116, 'attention', 'physician', NOW(), NOW()) ON CONFLICT DO NOTHING;
INSERT INTO glucose_readings (id, pregnancy_id, reading_date, reading_time, reading_date_time, measurement_type, glucose_value, status, source, created_at, updated_at) VALUES ('cbc2e4c3-06c8-46fe-9470-bcab5ddf6393', '9669c096-dd0d-480a-9341-9738ef4fe543', '2026-03-29', '07:00:00', '2026-03-29T18:53:31.719Z', 'fasting', 108, 'attention', 'physician', NOW(), NOW()) ON CONFLICT DO NOTHING;
INSERT INTO glucose_readings (id, pregnancy_id, reading_date, reading_time, reading_date_time, measurement_type, glucose_value, status, source, created_at, updated_at) VALUES ('7ebbd85c-150c-45a5-90fe-e8c5002d87b9', '9669c096-dd0d-480a-9341-9738ef4fe543', '2026-03-27', '07:00:00', '2026-03-27T18:53:31.719Z', 'fasting', 106, 'attention', 'physician', NOW(), NOW()) ON CONFLICT DO NOTHING;
INSERT INTO glucose_readings (id, pregnancy_id, reading_date, reading_time, reading_date_time, measurement_type, glucose_value, status, source, created_at, updated_at) VALUES ('033054cb-dbb0-4d3a-9948-5414825965fe', '9669c096-dd0d-480a-9341-9738ef4fe543', '2026-03-25', '07:00:00', '2026-03-25T18:53:31.719Z', 'fasting', 86, 'normal', 'physician', NOW(), NOW()) ON CONFLICT DO NOTHING;
INSERT INTO pregnancies (id, patient_id, lmp_date, edd, ga_method, status, is_high_risk, high_risk_flags, gravida, para, abortus, created_at, updated_at) VALUES ('6825c44e-b155-46a5-81f7-2465bbfe2ecf', '2e6424d4-ead7-4594-b7aa-d6046745d693', '2025-09-28', '2026-07-05', 'lmp', 'active', true, '{"preeclampsia","hipertensao"}', 1, 0, 0, NOW(), NOW()) ON CONFLICT DO NOTHING;
INSERT INTO consultations (id, pregnancy_id, date, gestational_age_days, weight_kg, bp_systolic, bp_diastolic, fetal_heart_rate, fundal_height_cm, created_at, updated_at) VALUES ('24acb126-977d-47ff-9ae7-fb2a46e1e779', '6825c44e-b155-46a5-81f7-2465bbfe2ecf', '2025-12-21', 84, 70.0, 112, 79, 129, 12, NOW(), NOW()) ON CONFLICT DO NOTHING;
INSERT INTO consultations (id, pregnancy_id, date, gestational_age_days, weight_kg, bp_systolic, bp_diastolic, fetal_heart_rate, fundal_height_cm, created_at, updated_at) VALUES ('826dd834-a1c5-4b6b-8bf8-cdc81b88dc01', '6825c44e-b155-46a5-81f7-2465bbfe2ecf', '2026-01-18', 112, 69.5, 152, 98, 153, 16, NOW(), NOW()) ON CONFLICT DO NOTHING;
INSERT INTO consultations (id, pregnancy_id, date, gestational_age_days, weight_kg, bp_systolic, bp_diastolic, fetal_heart_rate, fundal_height_cm, created_at, updated_at) VALUES ('61d61562-276a-4f74-81f2-ec18393ba1a2', '6825c44e-b155-46a5-81f7-2465bbfe2ecf', '2026-02-15', 140, 65.0, 143, 106, 158, 20, NOW(), NOW()) ON CONFLICT DO NOTHING;
INSERT INTO bp_readings (id, pregnancy_id, reading_date, reading_time, reading_date_time, systolic, diastolic, gestational_age_days, status, source, created_at, updated_at) VALUES ('fb74f56e-ee15-420b-9517-2f7493f36c14', '6825c44e-b155-46a5-81f7-2465bbfe2ecf', '2026-04-12', '08:00:00', '2026-04-12T18:53:31.719Z', 147, 98, 196, 'attention', 'physician', NOW(), NOW()) ON CONFLICT DO NOTHING;
INSERT INTO bp_readings (id, pregnancy_id, reading_date, reading_time, reading_date_time, systolic, diastolic, gestational_age_days, status, source, created_at, updated_at) VALUES ('4dbd427b-f6f3-4eeb-8e1d-59dceea9fb27', '6825c44e-b155-46a5-81f7-2465bbfe2ecf', '2026-04-09', '08:00:00', '2026-04-09T18:53:31.719Z', 150, 95, 193, 'attention', 'physician', NOW(), NOW()) ON CONFLICT DO NOTHING;
INSERT INTO bp_readings (id, pregnancy_id, reading_date, reading_time, reading_date_time, systolic, diastolic, gestational_age_days, status, source, created_at, updated_at) VALUES ('a2361a8a-93a5-4c49-b27e-5449accd7644', '6825c44e-b155-46a5-81f7-2465bbfe2ecf', '2026-04-06', '08:00:00', '2026-04-06T18:53:31.719Z', 152, 81, 190, 'attention', 'physician', NOW(), NOW()) ON CONFLICT DO NOTHING;
INSERT INTO bp_readings (id, pregnancy_id, reading_date, reading_time, reading_date_time, systolic, diastolic, gestational_age_days, status, source, created_at, updated_at) VALUES ('2105dd41-6be1-4c4a-996d-6426592d37ed', '6825c44e-b155-46a5-81f7-2465bbfe2ecf', '2026-04-03', '08:00:00', '2026-04-03T18:53:31.719Z', 135, 82, 187, 'normal', 'physician', NOW(), NOW()) ON CONFLICT DO NOTHING;
INSERT INTO bp_readings (id, pregnancy_id, reading_date, reading_time, reading_date_time, systolic, diastolic, gestational_age_days, status, source, created_at, updated_at) VALUES ('ac877c0d-9d82-4bcb-b62f-a077545960be', '6825c44e-b155-46a5-81f7-2465bbfe2ecf', '2026-03-31', '08:00:00', '2026-03-31T18:53:31.719Z', 148, 95, 184, 'attention', 'physician', NOW(), NOW()) ON CONFLICT DO NOTHING;
INSERT INTO bp_readings (id, pregnancy_id, reading_date, reading_time, reading_date_time, systolic, diastolic, gestational_age_days, status, source, created_at, updated_at) VALUES ('2bbeb95a-1d0c-4cde-8422-89931486b001', '6825c44e-b155-46a5-81f7-2465bbfe2ecf', '2026-03-28', '08:00:00', '2026-03-28T18:53:31.719Z', 151, 97, 181, 'attention', 'physician', NOW(), NOW()) ON CONFLICT DO NOTHING;
INSERT INTO bp_readings (id, pregnancy_id, reading_date, reading_time, reading_date_time, systolic, diastolic, gestational_age_days, status, source, created_at, updated_at) VALUES ('9c29f06b-1edd-4fde-8805-295a00ce5c6f', '6825c44e-b155-46a5-81f7-2465bbfe2ecf', '2026-03-25', '08:00:00', '2026-03-25T18:53:31.719Z', 157, 96, 178, 'attention', 'physician', NOW(), NOW()) ON CONFLICT DO NOTHING;
INSERT INTO bp_readings (id, pregnancy_id, reading_date, reading_time, reading_date_time, systolic, diastolic, gestational_age_days, status, source, created_at, updated_at) VALUES ('6e52ea3c-97aa-4cf0-b3ab-84b4ff8d44bb', '6825c44e-b155-46a5-81f7-2465bbfe2ecf', '2026-03-22', '08:00:00', '2026-03-22T18:53:31.719Z', 148, 96, 175, 'attention', 'physician', NOW(), NOW()) ON CONFLICT DO NOTHING;